symbol,date,open,high,low,close,volume,change,changePercent,vwap
AEP,2025-04-04,110.12,110.48,103.915,105.01,5026456,-5.11,-4.64039,106.47
AEP,2025-04-03,109.76,110.46,107.75,109.11,5964314,-0.65,-0.5922,109.27
AEP,2025-04-02,108.8,108.8,107.27,107.75,3279811,-1.05,-0.96507,108.155
AEP,2025-04-01,108.61,108.88,107.52,108.37,3941900,-0.24,-0.22097,108.345
AEP,2025-03-31,108.37,109.76,107.84,109.27,6560140,0.9,0.83049,108.81
AEP,2025-03-28,105.87,107.41,105.37,106.96,6173680,1.09,1.03,106.4025
AEP,2025-03-27,103.94,105.6,103.78,105.15,5233011,1.21,1.16,104.6175
AEP,2025-03-26,102.78,104.31,102.57,103.9,5939105,1.12,1.09,103.39
AEP,2025-03-25,103.0,103.0,101.96,102.5,24651800,-0.5,-0.48544,102.615
AEP,2025-03-24,105.25,105.69,104.03,104.18,2619410,-1.07,-1.02,104.7875
AEP,2025-03-21,106.14,106.65,104.4,105.11,5649258,-1.03,-0.97042,105.575
AEP,2025-03-20,105.8,106.59,105.55,106.21,2946600,0.41,0.38752,106.0375
AEP,2025-03-19,105.85,106.3,105.14,105.84,2786985,-0.01,-0.00944733,105.7825
AEP,2025-03-18,106.29,106.49,105.38,105.99,2757770,-0.3,-0.28225,106.0375
AEP,2025-03-17,105.67,106.83,105.13,105.86,5577100,0.19,0.17981,105.8725
AEP,2025-03-14,104.06,105.95,103.59,105.56,4419415,1.5,1.44,104.79
AEP,2025-03-13,102.81,104.29,102.7,104.24,1909600,1.43,1.39,103.51
AEP,2025-03-12,102.88,103.79,102.35,102.96,3284601,0.085,0.0777605,102.995
AEP,2025-03-11,107.67,107.99,104.39,104.43,4282726,-3.24,-3.01,106.12
AEP,2025-03-10,104.91,108.67,104.91,107.32,5535443,2.41,2.3,106.4525
AEP,2025-03-07,102.84,104.88,102.68,104.62,4042400,1.78,1.73,103.755
AEP,2025-03-06,103.3,103.31,101.42,102.59,3031045,-0.71,-0.68732,102.655
AEP,2025-03-05,104.5,105.46,103.19,103.39,3665626,-1.11,-1.06,104.135
AEP,2025-03-04,108.53,109.52,105.14,105.24,5609604,-3.29,-3.03,107.1075
AEP,2025-03-03,105.85,107.82,105.69,107.7,3452000,1.85,1.75,106.765
AEP,2025-02-28,106.1,107.11,104.66,106.05,4391030,-0.05,-0.04712535,105.98
AEP,2025-02-27,106.2,106.78,104.8,105.16,3661302,-1.04,-0.97928,105.735
AEP,2025-02-26,107.23,107.51,106.37,106.89,2446500,-0.34,-0.31708,107.0
AEP,2025-02-25,106.7,107.84,105.97,107.64,3408700,0.94,0.88097,107.0375
AEP,2025-02-24,105.87,107.36,105.21,106.29,3075000,0.42,0.39671,106.1825
AEP,2025-02-21,104.35,105.73,104.06,105.33,4002000,0.98,0.93915,104.8675
AEP,2025-02-20,102.97,104.65,102.2,104.35,2702100,1.38,1.34,103.5425
AEP,2025-02-19,102.67,103.16,101.72,103.09,2510807,0.42,0.40908,102.66
AEP,2025-02-18,101.29,103.24,101.0,102.2,3146403,0.91,0.89841,101.9325
AEP,2025-02-14,101.21,102.92,100.84,101.83,2770900,0.62,0.61259,101.7
AEP,2025-02-13,101.37,102.57,100.32,100.99,4939000,-0.38,-0.37486,101.3125
AEP,2025-02-12,100.73,102.52,100.6,102.35,3163014,1.62,1.61,101.55
AEP,2025-02-11,100.59,102.11,99.47,101.88,3165950,1.29,1.28,101.0125
AEP,2025-02-10,99.76,100.96,99.11,100.83,2473838,1.07,1.07,100.165
AEP,2025-02-07,100.14,100.44,99.41,100.35,2861565,0.21,0.20971,100.085
AEP,2025-02-06,99.64,100.67,98.87,100.17,3152600,0.53,0.53191,99.8375
AEP,2025-02-05,98.67,99.89,98.4,99.39,2280543,0.72,0.72971,99.0875
AEP,2025-02-04,98.52,99.07,97.8,97.88,2126457,-0.64,-0.64961,98.3175
AEP,2025-02-03,98.36,99.69,97.32,99.36,2659345,1.0,1.02,98.6825
AEP,2025-01-31,97.84,99.05,97.52,98.36,4913005,0.52,0.53148,98.1925
AEP,2025-01-30,98.55,99.15,97.56,98.03,3590720,-0.52,-0.52765,98.3225
AEP,2025-01-29,100.03,100.73,97.36,98.05,3345809,-1.98,-1.98,99.0425
AEP,2025-01-28,102.47,102.47,99.75,100.0,3524300,-2.47,-2.41,101.1725
AEP,2025-01-27,99.34,103.05,98.16,102.63,5428327,3.29,3.31,100.795
AEP,2025-01-24,97.08,98.5,97.05,98.18,2140389,1.1,1.13,97.7025
AEP,2025-01-23,98.29,99.5,97.38,97.47,4428051,-0.82,-0.83427,98.16
AEP,2025-01-22,97.58,98.13,96.85,97.49,3503993,-0.09,-0.09223201,97.5125
AEP,2025-01-21,98.0,98.73,97.6,97.81,2439941,-0.19,-0.19388,98.035
AEP,2025-01-17,97.64,97.98,96.8,97.25,2728874,-0.39,-0.39943,97.4175
AEP,2025-01-16,94.88,96.85,94.7,96.82,2456586,1.94,2.04,95.8125
AEP,2025-01-15,95.38,95.61,94.53,95.12,3104703,-0.26,-0.27259,95.16
AEP,2025-01-14,93.67,94.54,93.43,94.5,3172362,0.83,0.88609,94.035
AEP,2025-01-13,95.15,95.92,92.76,94.54,6013945,-0.61,-0.64109,94.5925
AEP,2025-01-10,93.15,94.67,92.67,93.51,7731000,0.36,0.38647,93.5
AEP,2025-01-08,90.25,92.35,89.91,92.26,2591652,2.01,2.23,91.1925
AEP,2025-01-07,90.1,91.91,90.1,90.47,2706061,0.37,0.41065,90.645
AEP,2025-01-06,92.05,92.05,90.01,90.32,3457335,-1.73,-1.88,91.1075
AEP,2025-01-03,92.4,93.06,92.03,92.05,1688550,-0.35,-0.37879,92.385
AEP,2025-01-02,92.57,93.23,91.59,91.94,1758243,-0.63,-0.68057,92.3325
AEP,2024-12-31,92.18,92.48,91.5,92.23,1594689,0.05,0.0542417,92.0975
AEP,2024-12-30,92.59,92.64,91.23,92.06,1661240,-0.53,-0.57242,92.13
AEP,2024-12-27,91.62,92.66,91.31,92.51,1722700,0.89,0.9714,92.025
AEP,2024-12-26,92.05,92.56,91.8,92.06,2066500,0.01,0.01086366,92.1175
AEP,2024-12-24,92.55,93.11,92.25,92.37,1404400,-0.18,-0.19449,92.57
AEP,2024-12-23,92.47,92.98,91.59,92.86,2282500,0.39,0.42176,92.475
AEP,2024-12-20,91.84,93.07,91.23,92.75,6781854,0.91,0.99085,92.2225
AEP,2024-12-19,90.55,92.03,90.42,91.24,3148135,0.69,0.76201,91.06
AEP,2024-12-18,91.83,92.25,90.86,90.91,3451300,-0.92,-1.0,91.4625
AEP,2024-12-17,91.47,93.04,91.29,91.92,2749300,0.45,0.49196,91.93
AEP,2024-12-16,92.71,92.86,91.7,91.77,2410700,-0.94,-1.01,92.26
AEP,2024-12-13,92.56,93.38,92.17,92.71,1810496,0.15,0.16206,92.705
AEP,2024-12-12,93.3,94.2,92.8,92.85,1983938,-0.45,-0.48232,93.2875
AEP,2024-12-11,95.21,95.21,93.24,93.63,2925600,-1.58,-1.66,94.3225
AEP,2024-12-10,95.58,95.58,93.59,95.1,2045457,-0.48,-0.5022,94.9625
AEP,2024-12-09,95.85,96.86,95.3,95.58,2651122,-0.27,-0.28169,95.8975
AEP,2024-12-06,97.18,97.43,95.66,95.85,2677500,-1.33,-1.37,96.53
AEP,2024-12-05,96.35,97.98,96.21,97.45,2234706,1.1,1.14,96.9975
AEP,2024-12-04,97.24,97.34,95.88,96.25,2832300,-0.99,-1.02,96.6775
AEP,2024-12-03,98.9,98.9,97.01,97.02,1917910,-1.88,-1.9,97.9575
AEP,2024-12-02,99.96,100.0,97.73,98.22,2188300,-1.74,-1.74,98.9775
AEP,2024-11-29,99.93,100.28,99.3,99.86,1260600,-0.07,-0.07004903,99.8425
AEP,2024-11-27,99.6,100.72,99.6,99.89,1558665,0.29,0.29116,99.9525
AEP,2024-11-26,98.73,99.47,98.31,99.33,2277618,0.6,0.60772,98.96
AEP,2024-11-25,97.89,98.5,97.12,98.1,3384392,0.21,0.21453,97.9025
AEP,2024-11-22,98.19,98.52,97.54,97.59,2048838,-0.6,-0.61106,97.96
AEP,2024-11-21,97.11,98.15,96.41,98.08,2849792,0.97,0.99887,97.4375
AEP,2024-11-20,96.25,96.86,95.9,96.8,2527616,0.55,0.57143,96.4525
AEP,2024-11-19,96.1,96.76,95.38,96.7,1879773,0.6,0.62435,96.235
AEP,2024-11-18,96.31,97.38,96.1,96.49,3399380,0.18,0.1869,96.57
AEP,2024-11-15,94.12,96.44,93.81,96.31,5558396,2.19,2.33,95.17
AEP,2024-11-14,93.18,94.59,92.95,93.76,2571100,0.58,0.62245,93.62
AEP,2024-11-13,93.05,93.47,92.51,93.33,2561500,0.28,0.30091,93.09
AEP,2024-11-12,94.32,94.74,92.6,92.96,3484789,-1.36,-1.44,93.655
AEP,2024-11-11,96.0,96.37,94.25,94.51,3411600,-1.49,-1.55,95.2825
AEP,2024-11-08,95.87,97.15,95.59,96.4,2581086,0.53,0.55283,96.2525
AEP,2024-11-07,96.18,96.91,95.31,96.33,3510024,0.15,0.15596,96.1825
AEP,2024-11-06,99.13,100.0,96.18,96.25,6428236,-2.88,-2.91,97.89
AEP,2024-11-05,98.63,100.48,98.19,100.4,5926215,1.77,1.79,99.425
AEP,2024-11-04,96.75,98.44,96.69,98.4,3880000,1.65,1.71,97.57
AEP,2024-11-01,98.53,99.23,97.07,97.25,3807230,-1.28,-1.3,98.02
AEP,2024-10-31,97.45,99.34,97.26,98.75,4884900,1.3,1.33,98.2
AEP,2024-10-30,97.39,97.85,96.69,97.4,3362348,0.01,0.01026799,97.3325
AEP,2024-10-29,98.73,98.73,97.07,97.39,2660593,-1.34,-1.36,97.98
AEP,2024-10-28,98.85,99.33,98.56,99.11,2420510,0.26,0.26302,98.9625
AEP,2024-10-25,99.79,99.9,98.05,98.19,2338992,-1.6,-1.6,98.9825
AEP,2024-10-24,101.29,101.43,99.18,99.39,2099418,-1.9,-1.88,100.3225
AEP,2024-10-23,100.0,100.87,99.68,100.83,1863643,0.83,0.83,100.345
AEP,2024-10-22,99.67,100.25,99.21,99.89,1981800,0.22,0.22073,99.755
AEP,2024-10-21,100.78,101.08,99.66,100.16,2548122,-0.62,-0.6152,100.42
AEP,2024-10-18,100.83,100.84,99.76,100.69,3111829,-0.14,-0.13885,100.53
AEP,2024-10-17,101.75,101.82,100.57,100.91,2008900,-0.84,-0.82555,101.2625
AEP,2024-10-16,100.1,101.71,99.86,101.32,2695156,1.22,1.22,100.7475
AEP,2024-10-15,99.37,100.61,99.28,99.66,3174200,0.29,0.29184,99.73
AEP,2024-10-14,98.35,98.94,98.16,98.79,2510985,0.44,0.44738,98.56
AEP,2024-10-11,97.3,98.37,97.26,98.25,1849142,0.95,0.97636,97.795
AEP,2024-10-10,97.73,98.34,97.05,97.22,1669400,-0.51,-0.52185,97.585
AEP,2024-10-09,98.04,98.49,97.41,97.72,1777100,-0.32,-0.3264,97.915
AEP,2024-10-08,98.08,98.69,97.9,98.2,2194225,0.12,0.12235,98.2175
AEP,2024-10-07,99.63,99.78,97.68,98.06,2928900,-1.57,-1.58,98.7875
AEP,2024-10-04,100.47,100.84,99.61,100.28,1900833,-0.19,-0.18911,100.3
AEP,2024-10-03,101.95,102.45,101.24,101.37,3054304,-0.58,-0.56891,101.7525
AEP,2024-10-02,101.39,102.19,101.27,101.81,2580378,0.42,0.41424,101.665
AEP,2024-10-01,102.28,102.9,101.67,102.22,2072225,-0.06,-0.0586625,102.2675
AEP,2024-09-30,101.87,102.92,101.41,102.6,2890479,0.73,0.7166,102.2
AEP,2024-09-27,101.24,102.14,101.0,101.84,2019138,0.6,0.59265,101.555
AEP,2024-09-26,101.0,101.4,100.54,100.74,2436611,-0.26,-0.25743,100.92
AEP,2024-09-25,101.56,101.91,100.79,101.15,2650123,-0.41,-0.4037,101.3525
AEP,2024-09-24,101.84,103.02,101.28,101.41,3226900,-0.43,-0.42223,101.8875
AEP,2024-09-23,102.94,102.99,101.95,102.53,2720600,-0.41,-0.39829,102.6025
AEP,2024-09-20,102.0,102.26,101.07,102.15,5395300,0.15,0.14706,101.87
AEP,2024-09-19,102.27,102.84,101.28,101.74,4300400,-0.53,-0.51824,102.0325
AEP,2024-09-18,104.15,104.36,102.55,103.22,1890229,-0.93,-0.89294,103.57
AEP,2024-09-17,104.71,104.94,103.92,104.21,1724441,-0.5,-0.47751,104.445
AEP,2024-09-16,104.32,105.18,104.04,104.95,2171964,0.63,0.60391,104.6225
AEP,2024-09-13,103.21,104.2,102.57,104.17,1425946,0.96,0.93014,103.5375
AEP,2024-09-12,102.77,103.4,102.26,102.99,2098125,0.22,0.21407,102.855
AEP,2024-09-11,103.12,103.27,101.68,103.05,2429451,-0.07,-0.06788208,102.78
AEP,2024-09-10,104.1,104.41,102.73,103.23,2932038,-0.87,-0.83573,103.6175
AEP,2024-09-09,102.65,103.86,102.05,103.66,2538384,1.01,0.98393,103.055
AEP,2024-09-06,103.48,103.55,101.97,102.05,3659214,-1.43,-1.38,102.7625
AEP,2024-09-05,103.04,103.4,101.41,103.1,3209321,0.06,0.05822981,102.7375
AEP,2024-09-04,101.95,103.1,101.56,102.43,2843900,0.48,0.47082,102.26
AEP,2024-09-03,100.19,101.99,100.0,101.57,3379900,1.38,1.38,100.9375
AEP,2024-08-30,99.94,100.98,99.66,100.28,2892139,0.34,0.3402,100.215
AEP,2024-08-29,98.67,99.79,98.09,99.75,2749675,1.08,1.09,99.075
AEP,2024-08-28,98.95,99.84,98.5,98.54,3245000,-0.41,-0.41435,98.9575
AEP,2024-08-27,99.02,99.42,98.2,98.54,2447207,-0.48,-0.48475,98.795
AEP,2024-08-26,98.6,99.81,98.5,99.02,1720900,0.42,0.42596,98.9825
AEP,2024-08-23,98.56,99.21,98.03,98.25,3530600,-0.31,-0.31453,98.5125
AEP,2024-08-22,97.67,98.38,97.65,98.29,1974700,0.62,0.63479,97.9975
AEP,2024-08-21,97.99,98.74,97.64,98.01,2220024,0.02,0.02041025,98.095
AEP,2024-08-20,97.4,97.9,97.31,97.64,1802139,0.24,0.24641,97.5625
AEP,2024-08-19,97.18,97.74,96.73,97.54,1903922,0.36,0.37045,97.2975
AEP,2024-08-16,96.42,97.17,95.95,96.94,2978604,0.52,0.53931,96.62
AEP,2024-08-15,96.98,97.18,96.17,96.56,3008700,-0.42,-0.43308,96.7225
AEP,2024-08-14,97.36,98.3,97.05,97.24,3292849,-0.12,-0.12325,97.4875
AEP,2024-08-13,97.53,98.37,97.48,98.13,2764080,0.6,0.6152,97.8775
AEP,2024-08-12,97.49,97.49,96.62,97.14,3130000,-0.35,-0.35901,97.185
AEP,2024-08-09,97.43,97.95,96.11,97.53,3029748,0.1,0.10264,97.255
AEP,2024-08-08,99.1,99.94,97.87,98.04,3077749,-1.06,-1.07,98.7375
AEP,2024-08-07,98.85,100.61,98.36,99.57,4490093,0.72,0.72838,99.3475
AEP,2024-08-06,97.28,99.42,97.22,98.29,4524600,1.01,1.04,98.0525
AEP,2024-08-05,104.24,104.41,97.97,98.06,3951260,-6.18,-5.93,101.17
AEP,2024-08-02,103.59,104.35,99.72,101.79,4453719,-1.8,-1.74,102.3625
AEP,2024-08-01,98.39,101.37,98.01,101.24,4628700,2.85,2.9,99.7525
AEP,2024-07-31,98.92,98.92,97.29,98.12,4727100,-0.8,-0.80873,98.3125
AEP,2024-07-30,96.01,98.18,96.0,98.14,3979023,2.13,2.22,97.0825
AEP,2024-07-29,96.63,97.42,95.7,97.07,2356300,0.44,0.45535,96.705
AEP,2024-07-26,96.35,96.85,95.8,96.45,2275133,0.1,0.10379,96.3625
AEP,2024-07-25,95.86,97.32,95.18,95.84,3340200,-0.02,-0.02086376,96.05
AEP,2024-07-24,94.29,95.57,93.78,95.02,2523419,0.73,0.77421,94.665
AEP,2024-07-23,94.2,94.24,93.35,93.64,3048900,-0.56,-0.59448,93.8575
AEP,2024-07-22,93.44,94.66,93.1,94.35,2754624,0.91,0.97389,93.8875
AEP,2024-07-19,93.81,93.81,92.58,93.14,2072893,-0.67,-0.71421,93.335
AEP,2024-07-18,93.25,94.72,93.06,93.49,1976800,0.24,0.25737,93.63
AEP,2024-07-17,92.08,94.18,92.02,93.52,3277650,1.44,1.56,92.95
AEP,2024-07-16,91.58,92.01,91.18,91.85,1853300,0.27,0.29482,91.655
AEP,2024-07-15,89.9,90.96,89.84,90.94,2678900,1.04,1.16,90.41
AEP,2024-07-12,91.25,91.8,90.62,90.96,2431800,-0.29,-0.31781,91.1575
AEP,2024-07-11,88.7,90.98,88.61,90.84,2692818,2.14,2.41,89.7825
AEP,2024-07-10,88.0,88.3,87.51,88.25,1845500,0.25,0.28409,88.015
AEP,2024-07-09,86.98,87.84,86.83,87.69,1994841,0.71,0.81628,87.335
AEP,2024-07-08,87.9,87.91,87.0,87.11,2059146,-0.79,-0.89875,87.48
AEP,2024-07-05,87.69,88.48,87.3,87.86,1260619,0.17,0.19386,87.8325
AEP,2024-07-03,87.72,88.67,87.48,87.56,1154400,-0.16,-0.1824,87.8575
AEP,2024-07-02,87.51,88.08,87.11,87.62,2007541,0.11,0.1257,87.58
AEP,2024-07-01,88.22,88.84,87.03,87.28,1427410,-0.94,-1.07,87.8425
AEP,2024-06-28,88.64,88.75,87.55,87.74,3685946,-0.9,-1.02,88.17
AEP,2024-06-27,86.84,88.36,86.84,88.3,3586224,1.46,1.68,87.585
AEP,2024-06-26,86.5,87.34,85.93,87.16,1693700,0.66,0.76301,86.7325
AEP,2024-06-25,87.89,88.25,86.7,86.89,1702060,-1.0,-1.14,87.4325
AEP,2024-06-24,87.55,88.46,87.16,88.14,3737393,0.59,0.6739,87.8275
AEP,2024-06-21,87.49,88.65,86.97,87.05,5915033,-0.44,-0.50291,87.54
AEP,2024-06-20,87.37,88.57,87.28,87.88,3058242,0.51,0.58372,87.775
AEP,2024-06-18,87.58,88.17,87.12,87.55,1826000,-0.03,-0.0342544,87.605
AEP,2024-06-17,87.4,88.6,86.89,87.75,1856118,0.35,0.40046,87.66
AEP,2024-06-14,87.39,88.07,87.02,88.0,1401600,0.61,0.69802,87.62
AEP,2024-06-13,87.66,88.41,87.11,87.9,2099500,0.24,0.27379,87.77
AEP,2024-06-12,89.43,89.43,87.38,87.96,1864629,-1.47,-1.64,88.55
AEP,2024-06-11,88.01,88.84,87.53,88.41,2670117,0.4,0.45449,88.1975
AEP,2024-06-10,87.88,88.9,87.37,88.55,2214715,0.67,0.7624,88.175
AEP,2024-06-07,87.77,89.09,87.74,88.3,1740934,0.53,0.60385,88.225
AEP,2024-06-06,89.08,90.25,88.63,88.7,2421386,-0.38,-0.42658,89.165
AEP,2024-06-05,90.0,90.12,88.74,88.95,2326648,-1.05,-1.17,89.4525
AEP,2024-06-04,89.85,91.0,89.61,90.38,2149110,0.53,0.58987,90.21
AEP,2024-06-03,90.16,90.54,89.67,90.08,2913895,-0.08,-0.08873114,90.1125
AEP,2024-05-31,88.25,90.32,88.04,90.25,5511600,2.0,2.27,89.215
AEP,2024-05-30,87.8,88.27,87.19,88.16,2228894,0.36,0.41002,87.855
AEP,2024-05-29,87.7,87.96,86.97,87.47,2438900,-0.23,-0.26226,87.525
AEP,2024-05-28,88.7,89.52,88.32,88.62,2648422,-0.08,-0.09019166,88.79
AEP,2024-05-24,89.48,89.8,88.84,88.97,3123525,-0.51,-0.56996,89.2725
AEP,2024-05-23,91.13,91.13,89.21,89.28,2182791,-1.85,-2.03,90.1875
AEP,2024-05-22,92.07,92.45,91.34,91.48,2361649,-0.59,-0.64082,91.835
AEP,2024-05-21,92.59,93.44,92.37,92.62,2247626,0.03,0.03240091,92.755
AEP,2024-05-20,92.84,92.84,92.14,92.59,1725400,-0.25,-0.26928,92.6025
AEP,2024-05-17,92.26,92.8,91.8,92.67,2908182,0.41,0.4444,92.3825
AEP,2024-05-16,92.35,92.98,92.01,92.54,2280500,0.19,0.20574,92.47
AEP,2024-05-15,91.64,92.57,91.07,91.97,2389900,0.33,0.3601,91.8125
AEP,2024-05-14,92.01,92.02,90.38,90.79,2467400,-1.22,-1.33,91.3
AEP,2024-05-13,92.0,92.35,91.27,91.52,2002102,-0.48,-0.52174,91.785
AEP,2024-05-10,91.0,91.84,90.7,91.61,3249821,0.61,0.67033,91.2875
AEP,2024-05-09,89.33,90.98,89.32,90.95,2465700,1.62,1.81,90.145
AEP,2024-05-08,89.85,90.76,89.33,90.58,2052030,0.73,0.81247,90.13
AEP,2024-05-07,89.17,89.94,88.77,89.87,3331000,0.7,0.78502,89.4375
AEP,2024-05-06,88.76,89.19,88.2,88.81,2354323,0.05,0.05633168,88.74
AEP,2024-05-03,89.0,89.28,87.95,88.6,3332412,-0.4,-0.44944,88.7075
AEP,2024-05-02,88.05,88.64,87.4,88.25,2672800,0.2,0.22714,88.085
AEP,2024-05-01,85.76,89.36,85.7,88.15,5344739,2.39,2.79,87.2425
AEP,2024-04-30,87.5,88.3,86.03,86.03,5739230,-1.47,-1.68,86.965
AEP,2024-04-29,85.82,86.76,85.82,86.67,2853600,0.85,0.99045,86.2675
AEP,2024-04-26,86.86,87.04,85.24,85.26,2975900,-1.6,-1.84,86.1
AEP,2024-04-25,86.49,87.2,85.15,86.86,3239613,0.37,0.4278,86.425
AEP,2024-04-24,84.57,86.59,84.31,86.37,3865225,1.8,2.13,85.46
AEP,2024-04-23,84.4,85.69,84.28,85.56,3562341,1.16,1.37,84.9825
AEP,2024-04-22,83.99,85.12,83.68,84.9,2400890,0.91,1.08,84.4225
AEP,2024-04-19,82.84,84.74,82.75,84.2,5406290,1.36,1.64,83.6325
AEP,2024-04-18,81.47,82.8,80.77,82.56,3544852,1.09,1.34,81.9
AEP,2024-04-17,80.04,81.44,79.85,81.24,2290808,1.2,1.5,80.6425
AEP,2024-04-16,80.91,81.04,79.16,79.51,3218963,-1.4,-1.73,80.155
AEP,2024-04-15,82.39,82.53,80.54,80.91,3137122,-1.48,-1.8,81.5925
AEP,2024-04-12,82.86,83.27,81.52,82.1,2409565,-0.76,-0.91721,82.4375
AEP,2024-04-11,83.5,83.58,82.55,82.91,1828800,-0.59,-0.70659,83.135
AEP,2024-04-10,83.56,83.97,82.41,83.29,2872450,-0.27,-0.32312,83.3075
AEP,2024-04-09,84.52,85.18,84.25,85.08,2812921,0.56,0.66257,84.7575
AEP,2024-04-08,83.92,84.41,83.58,84.27,1710663,0.35,0.41706,84.045
AEP,2024-04-05,83.45,84.23,82.4,83.95,2432000,0.5,0.59916,83.5075
AEP,2024-04-04,85.1,85.19,83.24,83.96,1990735,-1.14,-1.34,84.3725
AEP,2024-04-03,85.3,85.3,84.17,84.33,1816500,-0.97,-1.14,84.775
AEP,2024-04-02,84.2,85.66,84.02,85.21,2065541,1.01,1.2,84.7725
AEP,2024-04-01,86.11,86.17,84.42,84.56,2532600,-1.55,-1.8,85.315
AEP,2024-03-28,84.9,86.24,84.75,86.1,3077300,1.2,1.41,85.4975
AEP,2024-03-27,83.0,84.83,82.79,84.8,2908649,1.8,2.17,83.855
AEP,2024-03-26,82.79,83.25,82.21,82.48,2225100,-0.31,-0.37444,82.6825
AEP,2024-03-25,82.95,83.47,82.57,82.87,1887464,-0.08,-0.09644364,82.965
AEP,2024-03-22,83.35,83.42,82.46,82.95,2374200,-0.4,-0.4799,83.045
AEP,2024-03-21,82.95,83.69,82.85,83.1,3108814,0.15,0.18083,83.1475
AEP,2024-03-20,83.0,84.03,82.59,82.85,5122771,-0.15,-0.18072,83.1175
AEP,2024-03-19,82.12,83.52,81.92,83.32,4138211,1.2,1.46,82.72
AEP,2024-03-18,82.0,83.15,81.82,82.16,4885742,0.16,0.19512,82.2825
AEP,2024-03-15,81.96,82.72,81.74,82.11,6055927,0.15,0.18302,82.1325
AEP,2024-03-14,82.62,82.9,81.12,81.86,3828736,-0.76,-0.91987,82.125
AEP,2024-03-13,83.58,84.31,82.76,83.0,2997600,-0.58,-0.69395,83.4125
AEP,2024-03-12,83.21,83.89,82.53,83.39,2893636,0.18,0.21632,83.255
AEP,2024-03-11,83.26,84.43,82.93,83.73,5094100,0.47,0.5645,83.5875
AEP,2024-03-08,83.6,84.57,83.2,83.84,4567891,0.24,0.28708,83.8025
AEP,2024-03-07,84.76,85.1,84.06,84.1,3554425,-0.66,-0.77867,84.505
AEP,2024-03-06,84.75,85.03,83.86,83.92,4095839,-0.83,-0.97935,84.39
AEP,2024-03-05,85.5,86.15,83.97,84.05,4356535,-1.45,-1.7,84.9175
AEP,2024-03-04,84.62,85.44,84.38,84.95,4358432,0.33,0.38998,84.8475
AEP,2024-03-01,85.2,85.2,83.03,84.99,9446226,-0.21,-0.24648,84.605
AEP,2024-02-29,84.0,85.22,83.58,85.19,10228547,1.19,1.42,84.4975
AEP,2024-02-28,83.09,83.75,82.57,83.32,6342130,0.23,0.27681,83.1825
AEP,2024-02-27,83.59,84.16,81.51,84.07,7562652,0.48,0.57423,83.3325
AEP,2024-02-26,82.18,82.31,80.75,80.77,4705321,-1.41,-1.72,81.5025
AEP,2024-02-23,82.0,82.91,81.72,82.45,2766015,0.45,0.54878,82.27
AEP,2024-02-22,82.05,82.51,81.44,82.0,4130057,-0.05,-0.06093845,82.0
AEP,2024-02-21,81.59,82.62,81.23,82.56,4163439,0.97,1.19,82.0
AEP,2024-02-20,81.59,82.27,80.74,80.88,4043231,-0.71,-0.8702,81.37
AEP,2024-02-16,81.27,81.99,80.68,81.35,6292750,0.08,0.09843731,81.3225
AEP,2024-02-15,79.06,81.67,79.02,81.36,6648717,2.3,2.91,80.2775
AEP,2024-02-14,78.85,79.13,78.07,78.8,3365159,-0.05,-0.06341154,78.7125
AEP,2024-02-13,79.34,79.54,77.51,78.78,7370200,-0.56,-0.70582,78.7925
AEP,2024-02-12,76.57,77.72,76.31,77.59,2507049,1.02,1.33,77.0475
AEP,2024-02-09,75.73,76.73,75.56,76.66,2710321,0.93,1.23,76.17
AEP,2024-02-08,76.12,76.3,75.22,75.94,3293535,-0.18,-0.23647,75.895
AEP,2024-02-07,77.54,77.7,76.77,77.33,3087139,-0.21,-0.27083,77.335
AEP,2024-02-06,76.76,77.47,76.41,77.23,3208300,0.47,0.6123,76.9675
AEP,2024-02-05,77.9,77.94,76.74,76.8,2819537,-1.1,-1.41,77.345
AEP,2024-02-02,78.94,79.32,77.78,78.63,2947102,-0.31,-0.3927,78.6675
AEP,2024-02-01,78.01,79.74,77.58,79.69,2762500,1.68,2.15,78.755
AEP,2024-01-31,79.09,79.92,77.55,78.14,3642015,-0.95,-1.2,78.675
AEP,2024-01-30,78.01,78.93,77.52,78.44,2514100,0.43,0.55121,78.225
AEP,2024-01-29,77.85,78.6,77.16,78.38,2307200,0.535,0.6808,77.9975
AEP,2024-01-26,78.09,78.7,77.61,77.84,2446800,-0.25,-0.32014,78.06
AEP,2024-01-25,78.04,78.28,77.04,78.09,3183647,0.05,0.06406971,77.8625
AEP,2024-01-24,78.7,78.94,76.82,76.99,5085829,-1.71,-2.17,77.8625
AEP,2024-01-23,77.38,78.25,77.01,78.11,3808617,0.73,0.9434,77.6875
AEP,2024-01-22,77.53,78.24,76.7,77.26,2971000,-0.27,-0.34825,77.4325
AEP,2024-01-19,78.24,78.49,77.04,77.7,4301553,-0.54,-0.69018,77.8675
AEP,2024-01-18,79.25,79.5,77.96,78.2,6144839,-1.05,-1.32,78.7275
AEP,2024-01-17,80.64,81.09,79.09,79.73,4394935,-0.91,-1.13,80.1375
AEP,2024-01-16,81.0,81.53,80.67,80.98,6900716,-0.02,-0.02469136,81.045
AEP,2024-01-12,80.86,81.75,80.58,81.49,4672844,0.63,0.77912,81.17
AEP,2024-01-11,81.39,81.72,79.92,80.4,3574818,-0.99,-1.22,80.8575
AEP,2024-01-10,83.87,83.96,82.49,82.54,3053509,-1.33,-1.59,83.215
AEP,2024-01-09,84.02,84.49,83.67,84.13,2922800,0.11,0.13092,84.0775
AEP,2024-01-08,83.77,84.56,83.62,84.51,2471869,0.74,0.88337,84.115
AEP,2024-01-05,83.13,84.54,82.98,84.07,2464013,0.94,1.13,83.68
AEP,2024-01-04,83.33,83.98,83.06,83.39,3155515,0.06,0.07200288,83.44
AEP,2024-01-03,83.63,83.72,82.86,83.38,2915628,-0.25,-0.29894,83.3975
AEP,2024-01-02,81.0,83.34,80.81,83.18,3429261,2.18,2.69,82.0825
AEP,2023-12-29,81.05,81.31,80.46,81.22,2476500,0.17,0.20975,81.01
AEP,2023-12-28,80.46,81.41,80.35,81.33,2164934,0.87,1.08,80.8875
AEP,2023-12-27,80.71,80.87,80.23,80.81,2608557,0.1,0.1239,80.655
AEP,2023-12-26,80.5,81.07,80.36,80.73,1750601,0.23,0.28571,80.665
AEP,2023-12-22,80.57,81.42,80.34,80.38,2775000,-0.19,-0.23582,80.6775
AEP,2023-12-21,80.63,80.82,79.45,80.04,4092636,-0.59,-0.73174,80.235
AEP,2023-12-20,82.05,82.49,80.29,80.32,3402315,-1.73,-2.11,81.2875
AEP,2023-12-19,82.07,82.31,81.58,82.13,2351113,0.06,0.07310832,82.0225
AEP,2023-12-18,82.24,82.92,81.5,81.73,3329024,-0.51,-0.62014,82.0975
AEP,2023-12-15,82.51,83.58,81.91,82.23,10926065,-0.28,-0.33935,82.5575
AEP,2023-12-14,83.92,84.69,83.17,83.33,6941618,-0.59,-0.70305,83.7775
AEP,2023-12-13,80.2,83.69,79.85,83.57,4082200,3.37,4.2,81.8275
AEP,2023-12-12,80.6,80.66,79.6,80.0,3096983,-0.6,-0.74442,80.215
AEP,2023-12-11,79.82,80.76,79.51,80.49,3711600,0.67,0.83939,80.145
AEP,2023-12-08,80.12,80.44,79.23,79.64,2708029,-0.48,-0.5991,79.8575
AEP,2023-12-07,80.5,81.0,79.83,80.2,2820000,-0.3,-0.37267,80.3825
AEP,2023-12-06,79.96,80.48,79.57,80.36,2928085,0.4,0.50025,80.0925
AEP,2023-12-05,80.21,80.35,79.01,79.31,2914740,-0.9,-1.12,79.72
AEP,2023-12-04,79.96,80.97,79.67,80.13,3449048,0.17,0.21261,80.1825
AEP,2023-12-01,79.83,80.77,79.33,80.51,2785144,0.68,0.85181,80.11
AEP,2023-11-30,79.27,79.64,78.77,79.55,3756547,0.28,0.35322,79.3075
AEP,2023-11-29,80.06,80.28,79.02,79.22,2992759,-0.845,-1.05,79.645
AEP,2023-11-28,78.5,80.21,78.18,79.73,3412115,1.23,1.57,79.155
AEP,2023-11-27,78.61,78.84,77.74,78.54,2677800,-0.07,-0.0890472,78.4325
AEP,2023-11-24,78.45,78.5,77.83,78.5,1140200,0.05,0.06373486,78.32
AEP,2023-11-22,78.0,78.28,77.47,78.25,2499741,0.25,0.32051,78.0
AEP,2023-11-21,77.48,78.17,76.76,78.04,3613233,0.56,0.72277,77.6125
AEP,2023-11-20,77.0,77.46,75.93,77.19,3499800,0.19,0.24675,76.895
AEP,2023-11-17,77.72,77.91,76.87,77.39,3508003,-0.33,-0.4246,77.4725
AEP,2023-11-16,77.48,78.08,76.9,77.38,4380172,-0.1,-0.12907,77.46
AEP,2023-11-15,77.28,78.44,76.44,76.53,3404700,-0.75,-0.9705,77.1725
AEP,2023-11-14,76.75,77.99,76.62,77.41,3836921,0.66,0.85993,77.1925
AEP,2023-11-13,77.29,77.59,74.97,75.02,4549946,-2.27,-2.94,76.2175
AEP,2023-11-10,77.78,78.12,77.13,77.7,3479233,-0.08,-0.10285,77.6825
AEP,2023-11-09,77.63,78.37,77.04,77.26,2985532,-0.37,-0.47662,77.575
AEP,2023-11-08,78.46,78.62,77.22,78.15,3013600,-0.31,-0.39511,78.1125
AEP,2023-11-07,79.19,79.72,78.68,78.85,3787081,-0.34,-0.42935,79.11
AEP,2023-11-06,79.77,80.13,78.83,79.25,3372622,-0.52,-0.65187,79.495
AEP,2023-11-03,80.19,81.08,79.6,79.72,4149772,-0.47,-0.58611,80.1475
AEP,2023-11-02,76.2,80.2,76.2,79.24,5569300,3.04,3.99,77.96
AEP,2023-11-01,75.69,76.96,74.73,76.48,4065810,0.79,1.04,75.965
AEP,2023-10-31,75.71,75.85,74.93,75.54,4096082,-0.17,-0.22454,75.5075
AEP,2023-10-30,75.13,75.97,74.37,75.41,3668417,0.28,0.37269,75.22
AEP,2023-10-27,75.5,76.0,74.67,74.93,2876339,-0.57,-0.75497,75.275
AEP,2023-10-26,75.53,76.62,75.38,75.77,3264236,0.24,0.31775,75.825
AEP,2023-10-25,74.62,75.62,74.38,75.36,4912700,0.74,0.99169,74.995
AEP,2023-10-24,73.84,74.95,73.75,74.74,3068952,0.9,1.22,74.32
AEP,2023-10-23,72.64,74.3,72.01,73.35,3844761,0.71,0.97742,73.075
AEP,2023-10-20,74.37,75.16,73.28,73.35,3270379,-1.02,-1.37,74.04
AEP,2023-10-19,74.99,75.59,74.29,74.42,2770646,-0.57,-0.7601,74.8225
AEP,2023-10-18,75.6,76.17,74.6,75.17,2850500,-0.43,-0.56878,75.385
AEP,2023-10-17,75.6,76.41,75.16,75.67,2236733,0.07,0.09259259,75.71
AEP,2023-10-16,74.83,76.76,74.37,76.06,4907845,1.23,1.64,75.505
AEP,2023-10-13,73.95,74.79,73.57,74.47,2810061,0.52,0.70318,74.195
AEP,2023-10-12,74.77,74.85,72.7,73.48,3803364,-1.29,-1.73,73.95
AEP,2023-10-11,74.87,75.43,74.14,75.28,2388544,0.41,0.54762,74.93
AEP,2023-10-10,73.66,74.3,73.44,74.23,5050408,0.57,0.77383,73.9075
AEP,2023-10-09,72.5,73.69,72.14,73.66,3391900,1.16,1.6,72.9975
AEP,2023-10-06,70.51,72.29,69.38,72.19,4584545,1.68,2.38,71.0925
AEP,2023-10-05,73.08,73.16,70.23,71.33,8103100,-1.75,-2.39,71.95
AEP,2023-10-04,72.88,73.54,71.95,73.29,4031735,0.41,0.56257,72.915
AEP,2023-10-03,71.03,73.09,69.88,72.81,5808691,1.78,2.51,71.7025
AEP,2023-10-02,74.64,74.96,71.04,71.84,6352013,-2.8,-3.75,73.12
AEP,2023-09-29,75.24,75.89,74.43,75.22,3419069,-0.02,-0.02658161,75.195
AEP,2023-09-28,76.2,76.37,74.23,74.67,3162474,-1.53,-2.01,75.3675
AEP,2023-09-27,76.34,76.52,74.88,75.86,3455500,-0.48,-0.62877,75.9
AEP,2023-09-26,78.54,78.54,76.21,76.34,2910119,-2.2,-2.8,77.4075
AEP,2023-09-25,78.84,79.08,77.88,78.68,2229010,-0.16,-0.20294,78.62
AEP,2023-09-22,79.46,79.8,79.04,79.17,2515794,-0.29,-0.36496,79.3675
AEP,2023-09-21,80.39,80.92,79.61,79.88,3163456,-0.51,-0.63441,80.2
AEP,2023-09-20,80.54,81.37,79.92,80.45,2074008,-0.09,-0.11175,80.57
AEP,2023-09-19,80.27,80.63,79.86,80.06,2238500,-0.21,-0.26162,80.205
AEP,2023-09-18,80.28,80.56,79.48,80.23,1650980,-0.05,-0.06228201,80.1375
AEP,2023-09-15,80.68,81.01,79.98,80.04,4598042,-0.64,-0.79326,80.4275
AEP,2023-09-14,79.78,80.69,79.73,80.6,2779662,0.82,1.03,80.2
AEP,2023-09-13,78.01,79.65,77.99,79.33,2936800,1.32,1.69,78.745
AEP,2023-09-12,77.73,78.0,77.24,77.82,2681849,0.09,0.11579,77.6975
AEP,2023-09-11,77.79,78.54,77.72,77.8,2540545,0.01,0.01285512,77.9625
AEP,2023-09-08,77.4,77.86,77.17,77.74,2164851,0.34,0.43928,77.5425
AEP,2023-09-07,77.03,77.93,76.79,77.34,2899776,0.31,0.40244,77.2725
AEP,2023-09-06,75.87,76.58,75.76,76.38,2752343,0.51,0.6722,76.1475
AEP,2023-09-05,77.35,77.41,75.47,76.0,2972517,-1.35,-1.75,76.5575
AEP,2023-09-01,78.86,79.04,77.01,77.52,2548217,-1.34,-1.7,78.1075
AEP,2023-08-31,79.68,79.83,78.3,78.4,3095900,-1.28,-1.61,79.0525
AEP,2023-08-30,79.51,79.84,79.05,79.44,1854800,-0.07,-0.08803924,79.46
AEP,2023-08-29,79.35,80.03,79.1,79.63,1967736,0.28,0.35287,79.5275
AEP,2023-08-28,79.69,79.96,78.94,79.2,1608323,-0.49,-0.61488,79.4475
AEP,2023-08-25,79.0,79.81,78.85,79.33,1875947,0.33,0.41772,79.2475
AEP,2023-08-24,79.36,80.47,78.79,78.83,2787303,-0.53,-0.66784,79.3625
AEP,2023-08-23,79.01,79.47,78.71,79.43,3045323,0.42,0.53158,79.155
AEP,2023-08-22,78.43,78.92,78.2,78.62,2558200,0.19,0.24225,78.5425
AEP,2023-08-21,79.0,79.17,77.8,78.56,2571303,-0.44,-0.55696,78.6325
AEP,2023-08-18,78.7,79.26,78.44,79.02,3155207,0.32,0.40661,78.855
AEP,2023-08-17,79.37,80.01,78.76,78.78,2790500,-0.59,-0.74335,79.23
AEP,2023-08-16,79.31,79.9,78.93,79.19,3285933,-0.12,-0.15131,79.3325
AEP,2023-08-15,79.5,79.64,78.87,79.1,3405700,-0.4,-0.50314,79.2775
AEP,2023-08-14,81.17,81.17,79.78,80.0,2733100,-1.17,-1.44,80.53
AEP,2023-08-11,81.14,81.58,80.77,81.11,2067476,-0.03,-0.03697313,81.15
AEP,2023-08-10,81.44,81.99,80.68,81.08,4083823,-0.36,-0.44204,81.2975
AEP,2023-08-09,80.0,81.14,79.86,80.71,3878322,0.71,0.8875,80.4275
AEP,2023-08-08,80.63,81.07,79.7,80.82,3797460,0.19,0.23564,80.555
AEP,2023-08-07,81.5,81.99,80.75,80.88,3267100,-0.62,-0.76074,81.28
AEP,2023-08-04,82.26,82.86,80.93,81.24,2578627,-1.02,-1.24,81.8225
AEP,2023-08-03,84.31,84.43,81.98,81.99,3287936,-2.32,-2.75,83.1775
AEP,2023-08-02,83.89,84.84,83.7,84.5,3160800,0.61,0.72714,84.2325
AEP,2023-08-01,84.84,85.01,83.82,84.03,3750247,-0.81,-0.95474,84.425
AEP,2023-07-31,85.48,85.74,84.07,84.74,5903942,-0.74,-0.8657,85.0075
AEP,2023-07-28,85.51,86.72,85.03,85.42,3504000,-0.09,-0.10525,85.67
AEP,2023-07-27,87.29,87.65,84.27,85.26,4837937,-2.03,-2.33,86.1175
AEP,2023-07-26,87.47,88.85,87.19,87.61,2755914,0.14,0.16005,87.78
AEP,2023-07-25,87.37,88.25,87.11,87.54,2667737,0.17,0.19457,87.5675
AEP,2023-07-24,87.84,88.09,86.95,87.6,2382200,-0.24,-0.27322,87.62
AEP,2023-07-21,87.12,88.31,86.96,87.93,8462345,0.81,0.92975,87.58
AEP,2023-07-20,85.55,86.93,85.23,86.82,2850717,1.27,1.48,86.1325
AEP,2023-07-19,84.76,86.11,84.75,85.37,2832100,0.61,0.71968,85.2475
AEP,2023-07-18,85.62,86.37,84.01,84.67,3040949,-0.95,-1.11,85.1675
AEP,2023-07-17,86.9,87.0,85.43,85.48,3162286,-1.42,-1.63,86.2025
AEP,2023-07-14,87.05,87.58,86.34,87.22,2641600,0.17,0.19529,87.0475
AEP,2023-07-13,87.16,87.52,86.8,87.28,3128227,0.12,0.13768,87.19
AEP,2023-07-12,86.17,87.53,85.9,87.24,3590200,1.07,1.24,86.71
AEP,2023-07-11,84.5,86.12,84.29,86.02,3293600,1.52,1.8,85.2325
AEP,2023-07-10,84.3,84.92,83.6,84.34,3489018,0.04,0.04744958,84.29
AEP,2023-07-07,84.89,85.03,84.25,84.29,1753554,-0.6,-0.7068,84.615
AEP,2023-07-06,85.13,85.63,84.51,85.33,2539200,0.2,0.23493,85.15
AEP,2023-07-05,85.1,86.48,84.73,85.8,2950941,0.7,0.82256,85.5275
AEP,2023-07-03,84.18,85.38,83.87,85.32,1533400,1.14,1.35,84.6875
AEP,2023-06-30,83.55,84.36,83.36,84.2,3236419,0.65,0.77798,83.8675
AEP,2023-06-29,81.17,83.67,80.79,83.26,5088947,2.09,2.57,82.2225
AEP,2023-06-28,83.36,83.46,81.34,81.62,4762118,-1.74,-2.09,82.445
AEP,2023-06-27,83.77,84.0,83.4,83.44,3679100,-0.33,-0.39394,83.6525
AEP,2023-06-26,83.67,84.34,82.91,83.78,3244384,0.11,0.13147,83.675
AEP,2023-06-23,85.63,85.63,83.04,83.49,3785300,-2.14,-2.5,84.4475
AEP,2023-06-22,85.8,86.05,84.68,85.1,4391300,-0.7,-0.81585,85.4075
AEP,2023-06-21,84.0,85.5,82.92,85.45,3541819,1.45,1.73,84.4675
AEP,2023-06-20,84.92,85.51,83.95,84.54,2633249,-0.38,-0.44748,84.73
AEP,2023-06-16,84.88,85.54,84.48,84.93,5317237,0.05,0.05890669,84.9575
AEP,2023-06-15,84.32,85.09,83.81,84.88,3233442,0.56,0.66414,84.525
AEP,2023-06-14,83.5,84.31,83.03,83.61,2287716,0.11,0.13174,83.6125
AEP,2023-06-13,83.2,83.67,82.85,83.13,2907606,-0.07,-0.08413462,83.2125
AEP,2023-06-12,83.68,83.89,83.22,83.69,2981400,0.01,0.01195029,83.62
AEP,2023-06-09,84.68,84.96,83.55,83.68,3019655,-1.0,-1.18,84.2175
AEP,2023-06-08,85.12,85.12,83.9,84.68,3349420,-0.44,-0.51692,84.705
AEP,2023-06-07,83.62,84.8,82.92,84.58,2764138,0.96,1.15,83.98
AEP,2023-06-06,83.5,84.13,82.9,83.44,2953518,-0.06,-0.07185629,83.4925
AEP,2023-06-05,83.77,84.76,83.53,84.0,2349402,0.23,0.27456,84.015
AEP,2023-06-02,81.54,84.02,81.21,83.45,3066201,1.91,2.34,82.555
AEP,2023-06-01,83.34,83.4,81.46,82.02,2995798,-1.32,-1.58,82.555
AEP,2023-05-31,81.91,83.49,81.53,83.12,3091100,1.21,1.48,82.5125
AEP,2023-05-30,82.24,82.51,81.32,81.79,3346102,-0.45,-0.54718,81.965
AEP,2023-05-26,82.32,82.52,81.32,82.25,3387159,-0.07,-0.08503401,82.1025
AEP,2023-05-25,84.37,84.45,81.5,82.5,4953100,-1.87,-2.22,83.205
AEP,2023-05-24,85.79,86.4,85.12,85.17,1767900,-0.62,-0.72269,85.62
AEP,2023-05-23,86.13,86.83,85.88,86.0,1812100,-0.13,-0.15093,86.21
AEP,2023-05-22,87.16,87.43,86.29,86.41,1458000,-0.75,-0.86049,86.8225
AEP,2023-05-19,86.74,87.46,86.45,86.56,2117119,-0.18,-0.20752,86.8025
AEP,2023-05-18,86.47,86.76,85.74,86.64,2595400,0.17,0.1966,86.4025
AEP,2023-05-17,88.17,88.22,86.33,87.07,2674922,-1.1,-1.25,87.4475
AEP,2023-05-16,90.23,90.33,88.02,88.09,2482968,-2.14,-2.37,89.1675
AEP,2023-05-15,91.99,92.1,89.61,90.09,2788632,-1.9,-2.07,90.9475
AEP,2023-05-12,91.42,91.93,91.03,91.66,3314668,0.24,0.26252,91.51
AEP,2023-05-11,91.42,91.79,90.19,90.68,1676944,-0.74,-0.80945,91.02
AEP,2023-05-10,91.52,92.02,90.7,91.72,1657731,0.2,0.21853,91.49
AEP,2023-05-09,91.0,91.32,90.26,91.1,2026739,0.1,0.10989,90.92
AEP,2023-05-08,92.06,92.88,91.44,92.14,2476730,0.08,0.08689985,92.13
AEP,2023-05-05,90.92,92.26,90.75,92.11,3328700,1.19,1.31,91.51
AEP,2023-05-04,90.61,92.38,89.66,91.44,2365100,0.83,0.91601,91.0225
AEP,2023-05-03,91.74,92.14,90.67,90.87,1998573,-0.87,-0.94833,91.355
AEP,2023-05-02,92.75,92.89,90.73,91.28,2134305,-1.47,-1.58,91.9125
AEP,2023-05-01,92.3,93.56,92.02,92.65,3046300,0.35,0.3792,92.6325
AEP,2023-04-28,92.62,93.29,91.42,92.42,2621639,-0.2,-0.21594,92.4375
AEP,2023-04-27,92.36,93.22,92.23,92.81,2004720,0.45,0.48722,92.655
AEP,2023-04-26,93.73,94.22,92.01,92.25,1998900,-1.48,-1.58,93.0525
AEP,2023-04-25,94.22,94.73,94.06,94.38,1642543,0.16,0.16982,94.3475
AEP,2023-04-24,93.69,94.48,93.24,94.24,2197403,0.55,0.58704,93.9125
AEP,2023-04-21,94.08,94.4,93.32,93.92,2506900,-0.16,-0.17007,93.93
AEP,2023-04-20,93.79,94.02,93.1,93.51,2099743,-0.28,-0.29854,93.605
AEP,2023-04-19,92.95,93.55,92.68,93.54,1622097,0.59,0.63475,93.18
AEP,2023-04-18,93.41,93.41,92.06,92.47,2070949,-0.94,-1.01,92.8375
AEP,2023-04-17,93.05,93.6,92.38,93.29,1632041,0.24,0.25793,93.08
AEP,2023-04-14,92.95,93.22,92.1,92.5,1994116,-0.45,-0.48413,92.6925
AEP,2023-04-13,93.9,94.19,92.08,93.97,2062425,0.07,0.07454739,93.535
AEP,2023-04-12,94.6,94.86,93.85,94.26,2434324,-0.34,-0.35941,94.3925
AEP,2023-04-11,94.54,94.7,93.7,94.34,2682617,-0.2,-0.21155,94.32
AEP,2023-04-10,94.51,94.75,93.38,94.44,1977400,-0.07,-0.07406624,94.27
AEP,2023-04-06,95.33,96.05,93.92,94.89,2991555,-0.44,-0.46155,95.0475
AEP,2023-04-05,91.82,94.91,91.74,94.54,4232666,2.72,2.96,93.2525
AEP,2023-04-04,90.68,91.34,90.4,91.17,3146916,0.49,0.54036,90.8975
AEP,2023-04-03,90.47,91.62,90.11,90.9,2926225,0.43,0.4753,90.775
AEP,2023-03-31,90.85,91.14,90.31,90.99,2210600,0.14,0.1541,90.8225
AEP,2023-03-30,90.39,91.18,88.58,90.43,3617619,0.04,0.04425268,90.145
AEP,2023-03-29,89.29,90.12,89.21,90.1,3185933,0.815,0.90716,89.68
AEP,2023-03-28,88.53,89.89,88.46,88.93,2158900,0.4,0.45182,88.9525
AEP,2023-03-27,89.44,89.87,88.41,88.55,1919000,-0.89,-0.99508,89.0675
AEP,2023-03-24,85.65,89.11,85.53,89.09,2527255,3.44,4.02,87.345
AEP,2023-03-23,86.81,87.53,85.21,85.41,3862112,-1.4,-1.61,86.24
AEP,2023-03-22,88.76,89.45,86.81,86.85,3156028,-1.91,-2.15,87.9675
AEP,2023-03-21,91.69,91.79,87.73,88.9,4532026,-2.79,-3.04,90.0275
AEP,2023-03-20,91.16,92.45,90.86,91.76,2718340,0.6,0.65818,91.5575
AEP,2023-03-17,91.63,91.86,90.1,90.7,8072300,-0.93,-1.01,91.0725
AEP,2023-03-16,92.2,93.14,90.62,92.01,4174549,-0.19,-0.20607,91.9925
AEP,2023-03-15,90.17,93.13,89.73,92.59,4085000,2.42,2.68,91.405
AEP,2023-03-14,89.84,91.11,89.51,90.25,2926900,0.41,0.45637,90.1775
AEP,2023-03-13,87.8,90.98,87.72,89.38,4420709,1.58,1.8,88.97
AEP,2023-03-10,89.16,89.33,87.0,87.53,2660453,-1.63,-1.83,88.255
AEP,2023-03-09,89.78,90.76,88.46,88.76,2006502,-1.02,-1.14,89.44
AEP,2023-03-08,88.94,89.67,88.32,89.3,2108303,0.36,0.40477,89.0575
AEP,2023-03-07,89.57,90.18,88.19,88.63,3381040,-0.94,-1.05,89.1425
AEP,2023-03-06,89.0,89.81,88.86,89.37,1735435,0.37,0.41573,89.26
AEP,2023-03-03,88.09,89.11,87.22,89.09,2715600,1.0,1.14,88.3775
AEP,2023-03-02,86.1,88.19,85.85,87.99,2549241,1.89,2.2,87.0325
AEP,2023-03-01,87.62,87.66,85.73,86.36,2998017,-1.26,-1.44,86.8425
AEP,2023-02-28,89.48,90.32,87.76,87.97,3593964,-1.51,-1.69,88.8825
AEP,2023-02-27,90.99,91.54,89.88,90.07,2931407,-0.92,-1.01,90.62
AEP,2023-02-24,89.44,90.92,89.17,90.43,3248145,0.99,1.11,89.99
AEP,2023-02-23,90.21,90.97,88.9,90.71,3829357,0.5,0.55426,90.1975
AEP,2023-02-22,90.39,91.5,90.11,90.82,3583220,0.43,0.47572,90.705
AEP,2023-02-21,91.48,91.95,90.45,90.85,2834637,-0.63,-0.68868,91.1825
AEP,2023-02-17,90.64,92.73,90.35,92.41,3127722,1.77,1.95,91.5325
AEP,2023-02-16,89.99,91.2,89.24,90.7,2054600,0.71,0.78898,90.2825
AEP,2023-02-15,90.25,90.95,89.93,90.92,1687740,0.67,0.74238,90.5125
AEP,2023-02-14,90.88,91.59,89.95,90.48,1989782,-0.4,-0.44014,90.725
AEP,2023-02-13,90.65,91.37,90.57,91.09,3107217,0.44,0.48538,90.92
AEP,2023-02-10,88.94,90.62,88.64,90.55,2053110,1.61,1.81,89.6875
AEP,2023-02-09,89.74,90.24,88.13,88.48,2779869,-1.25,-1.4,89.1475
AEP,2023-02-08,91.77,91.77,90.01,90.38,2901738,-1.39,-1.51,90.9825
AEP,2023-02-07,92.08,92.53,90.68,92.28,3160866,0.2,0.2172,91.8925
AEP,2023-02-06,91.94,92.58,91.58,92.5,2657000,0.56,0.60909,92.15
AEP,2023-02-03,93.96,94.09,90.98,92.11,2593300,-1.85,-1.97,92.785
AEP,2023-02-02,94.65,95.63,93.58,94.55,2533605,-0.1,-0.10565,94.6025
AEP,2023-02-01,93.22,95.2,92.96,94.65,3290400,1.43,1.53,94.0075
AEP,2023-01-31,93.09,94.13,91.92,93.96,3339000,0.87,0.93458,93.275
AEP,2023-01-30,92.93,93.97,92.68,92.87,2866700,-0.06,-0.06456473,93.1125
AEP,2023-01-27,92.69,93.48,92.25,93.07,1647726,0.38,0.40997,92.8725
AEP,2023-01-26,92.11,93.37,91.96,92.99,2262900,0.88,0.95538,92.6075
AEP,2023-01-25,92.44,92.54,91.6,92.35,2302700,-0.09,-0.09736045,92.2325
AEP,2023-01-24,92.35,92.93,91.29,92.7,2225300,0.35,0.37899,92.3175
AEP,2023-01-23,91.93,93.5,91.57,92.66,2157448,0.73,0.79408,92.415
AEP,2023-01-20,91.24,92.84,90.09,92.17,3154215,0.93,1.02,91.585
AEP,2023-01-19,92.3,92.66,91.51,91.63,1778570,-0.67,-0.72589,92.025
AEP,2023-01-18,95.12,95.21,92.36,92.45,3775900,-2.67,-2.81,93.785
AEP,2023-01-17,94.78,95.5,94.32,94.86,2575502,0.08,0.08440599,94.865
AEP,2023-01-13,95.65,95.85,94.67,94.84,3709700,-0.81,-0.84684,95.2525
AEP,2023-01-12,97.58,97.84,96.25,96.41,2505705,-1.17,-1.2,97.02
AEP,2023-01-11,97.25,97.79,97.03,97.63,5187361,0.38,0.39075,97.425
AEP,2023-01-10,97.61,98.08,96.47,97.28,3975924,-0.33,-0.33808,97.36
AEP,2023-01-09,96.41,98.32,96.23,97.95,2561400,1.54,1.6,97.2275
AEP,2023-01-06,94.76,97.18,94.76,96.53,2287500,1.77,1.87,95.8075
AEP,2023-01-05,94.84,95.45,93.48,93.78,2374200,-1.06,-1.12,94.3875
AEP,2023-01-04,95.27,96.87,94.89,95.52,1963542,0.25,0.26241,95.6375
AEP,2023-01-03,94.9,95.29,93.39,94.87,1870526,-0.03,-0.03161222,94.6125
AEP,2022-12-30,95.9,96.08,94.07,94.95,1405329,-0.95,-0.99062,95.25
AEP,2022-12-29,95.93,96.66,95.67,96.01,1415931,0.08,0.08339414,96.0675
AEP,2022-12-28,96.49,96.86,95.3,95.36,1391800,-1.13,-1.17,96.0025
AEP,2022-12-27,95.97,96.46,95.24,96.29,1327543,0.32,0.33344,95.99
AEP,2022-12-23,94.25,95.73,94.08,95.69,1406200,1.44,1.53,94.9375
AEP,2022-12-22,94.95,95.01,92.97,94.47,3310125,-0.48,-0.50553,94.35
AEP,2022-12-21,94.06,95.36,93.77,95.34,2399200,1.28,1.36,94.6325
AEP,2022-12-20,94.03,94.36,93.29,93.67,1975538,-0.36,-0.38286,93.8375
AEP,2022-12-19,94.1,95.14,93.47,94.0,3337023,-0.1,-0.10627,94.1775
AEP,2022-12-16,94.92,94.92,92.81,94.57,6084100,-0.35,-0.36873,94.305
AEP,2022-12-15,98.34,98.52,95.32,95.57,6069484,-2.77,-2.82,96.9375
AEP,2022-12-14,98.99,100.28,97.98,98.49,3048300,-0.5,-0.5051,98.935
AEP,2022-12-13,99.77,100.32,97.51,98.62,4842800,-1.15,-1.15,99.055
AEP,2022-12-12,97.32,98.59,96.36,98.55,2132700,1.23,1.26,97.705
AEP,2022-12-09,97.77,97.93,96.35,96.58,2552425,-1.19,-1.22,97.1575
AEP,2022-12-08,96.53,98.29,96.35,97.72,3735055,1.19,1.23,97.2225
AEP,2022-12-07,97.47,98.64,96.27,96.67,6140700,-0.8,-0.82077,97.2625
AEP,2022-12-06,94.34,96.64,94.21,96.37,4255248,2.03,2.15,95.39
AEP,2022-12-05,94.53,94.93,94.11,94.52,2496000,-0.01,-0.01057865,94.5225
AEP,2022-12-02,95.27,95.4,94.5,95.12,3492000,-0.15,-0.15745,95.0725
AEP,2022-12-01,97.74,98.21,95.98,96.48,2846500,-1.26,-1.29,97.1025
AEP,2022-11-30,94.57,96.88,93.97,96.8,4346991,2.23,2.36,95.555
AEP,2022-11-29,94.6,94.88,94.01,94.65,2044500,0.05,0.05285412,94.535
AEP,2022-11-28,97.16,97.28,93.99,95.22,4529545,-1.94,-2.0,95.9125
AEP,2022-11-25,95.35,95.81,94.95,95.47,1252039,0.12,0.12585,95.395
AEP,2022-11-23,93.71,95.21,93.43,95.13,3323037,1.42,1.52,94.37
AEP,2022-11-22,93.61,94.7,93.04,93.71,3287079,0.1,0.10683,93.765
AEP,2022-11-21,91.42,93.33,91.34,93.15,3150700,1.73,1.89,92.31
AEP,2022-11-18,89.68,91.59,89.68,91.28,4318822,1.6,1.78,90.5575
AEP,2022-11-17,89.05,89.53,88.51,89.07,2589665,0.02,0.02245929,89.04
AEP,2022-11-16,89.73,90.6,89.51,89.74,3294787,0.01,0.01114454,89.895
AEP,2022-11-15,89.72,90.58,88.05,89.22,4912314,-0.5,-0.55729,89.3925
AEP,2022-11-14,90.33,90.59,88.46,88.66,3045720,-1.67,-1.85,89.51
AEP,2022-11-11,91.27,91.93,89.15,89.98,3966783,-1.29,-1.41,90.5825
AEP,2022-11-10,90.33,91.98,88.94,91.8,4115015,1.47,1.63,90.7625
AEP,2022-11-09,88.31,88.8,87.63,87.82,2932000,-0.49,-0.55486,88.14
AEP,2022-11-08,88.06,89.62,88.0,89.25,2959737,1.19,1.35,88.7325
AEP,2022-11-07,89.84,89.84,86.68,88.0,3038600,-1.84,-2.05,88.59
AEP,2022-11-04,88.82,89.68,87.72,89.57,3304449,0.75,0.8444,88.9475
AEP,2022-11-03,87.77,89.58,87.23,88.68,4020845,0.91,1.04,88.315
AEP,2022-11-02,88.51,90.64,88.17,88.21,3172620,-0.3,-0.33894,88.8825
AEP,2022-11-01,88.1,89.2,87.62,88.53,4169800,0.43,0.48808,88.3625
AEP,2022-10-31,89.35,89.39,87.36,87.92,4104063,-1.43,-1.6,88.505
AEP,2022-10-28,87.56,89.56,87.56,89.4,2633980,1.84,2.1,88.52
AEP,2022-10-27,86.17,89.32,86.15,87.18,2740500,1.01,1.17,87.205
AEP,2022-10-26,88.0,88.61,87.24,87.45,2198752,-0.55,-0.625,87.825
AEP,2022-10-25,86.05,87.56,85.99,87.42,2580000,1.37,1.59,86.755
AEP,2022-10-24,86.48,86.99,85.25,86.0,2141948,-0.48,-0.55504,86.18
AEP,2022-10-21,84.11,86.16,83.41,85.63,2278603,1.52,1.81,84.8275
AEP,2022-10-20,86.29,86.29,83.54,83.93,3165576,-2.36,-2.73,85.0125
AEP,2022-10-19,85.47,86.34,85.05,85.9,1806588,0.43,0.5031,85.69
AEP,2022-10-18,85.96,86.86,85.34,86.58,2612300,0.62,0.72127,86.185
AEP,2022-10-17,84.8,86.06,84.73,85.05,3606467,0.25,0.29481,85.16
AEP,2022-10-14,85.34,86.17,83.14,83.52,4001200,-1.82,-2.13,84.5425
AEP,2022-10-13,80.8,85.04,80.3,84.78,4047220,3.98,4.93,82.73
AEP,2022-10-12,84.87,84.87,81.67,81.74,2552866,-3.13,-3.69,83.2875
AEP,2022-10-11,84.31,86.19,84.18,84.87,3921130,0.56,0.66422,84.8875
AEP,2022-10-10,83.25,84.99,83.22,84.45,4127922,1.2,1.44,83.9775
AEP,2022-10-07,84.55,84.88,82.57,82.99,3717162,-1.56,-1.85,83.7475
AEP,2022-10-06,87.48,87.66,84.19,84.51,4211100,-2.97,-3.4,85.96
AEP,2022-10-05,89.47,89.64,87.39,87.7,3296840,-1.77,-1.98,88.55
AEP,2022-10-04,88.57,91.18,88.37,90.66,5094143,2.09,2.36,89.695
AEP,2022-10-03,87.7,89.13,87.14,88.23,6209900,0.53,0.60433,88.05
AEP,2022-09-30,89.65,90.0,86.08,86.45,5127200,-3.2,-3.57,88.045
AEP,2022-09-29,93.72,93.72,88.83,89.07,3429230,-4.65,-4.96,91.335
AEP,2022-09-28,93.89,94.16,92.65,93.56,3419245,-0.33,-0.35148,93.565
AEP,2022-09-27,95.88,95.95,92.68,92.86,2924103,-3.02,-3.15,94.3425
AEP,2022-09-26,97.35,97.82,94.26,95.63,3504902,-1.72,-1.77,96.265
AEP,2022-09-23,98.15,98.29,96.49,97.74,2096852,-0.41,-0.41773,97.6675
AEP,2022-09-22,98.3,99.51,98.04,98.88,1939513,0.58,0.59003,98.6825
AEP,2022-09-21,100.44,101.12,98.55,98.57,2853200,-1.87,-1.86,99.67
AEP,2022-09-20,100.78,100.8,98.65,99.76,2273627,-1.02,-1.01,99.9975
AEP,2022-09-19,100.15,101.15,99.7,101.11,2873425,0.96,0.95856,100.5275
AEP,2022-09-16,100.37,101.04,99.97,100.36,5319700,-0.01,-0.00996314,100.435
AEP,2022-09-15,102.95,102.95,99.92,100.19,3097539,-2.76,-2.68,101.5025
AEP,2022-09-14,102.2,103.9,102.2,103.32,1430600,1.12,1.1,102.905
AEP,2022-09-13,104.34,104.89,101.83,102.2,3093400,-2.14,-2.05,103.315
AEP,2022-09-12,104.71,105.6,104.34,105.18,1772500,0.47,0.44886,104.9575
AEP,2022-09-09,104.65,105.49,103.63,104.71,2000238,0.06,0.05733397,104.62
AEP,2022-09-08,104.04,105.12,103.49,103.98,2929934,-0.06,-0.05767013,104.1575
AEP,2022-09-07,102.18,104.95,102.18,104.74,2845600,2.56,2.51,103.5125
AEP,2022-09-06,101.2,103.25,101.15,101.56,2740891,0.36,0.35573,101.79
AEP,2022-09-02,102.74,103.75,100.68,101.09,2320878,-1.65,-1.61,102.065
AEP,2022-09-01,100.25,102.98,100.21,102.38,2828848,2.13,2.12,101.455
AEP,2022-08-31,101.44,101.89,100.0,100.2,3253870,-1.24,-1.22,100.8825
AEP,2022-08-30,102.89,102.92,100.96,101.34,1826247,-1.55,-1.51,102.0275
AEP,2022-08-29,101.45,103.56,100.73,102.93,1663500,1.48,1.46,102.1675
AEP,2022-08-26,103.59,103.73,101.75,101.82,2004863,-1.77,-1.71,102.7225
AEP,2022-08-25,103.11,103.47,102.1,103.38,1466200,0.27,0.26186,103.015
AEP,2022-08-24,102.64,102.78,101.9,102.66,1382527,0.02,0.01948558,102.495
AEP,2022-08-23,103.49,103.49,102.23,102.7,1169503,-0.79,-0.76336,102.9775
AEP,2022-08-22,105.0,105.0,103.21,103.41,2612400,-1.59,-1.51,104.155
AEP,2022-08-19,104.28,105.35,103.98,104.94,2426200,0.66,0.63291,104.6375
AEP,2022-08-18,104.59,105.48,104.23,104.37,2151200,-0.22,-0.21035,104.6675
AEP,2022-08-17,103.82,105.15,103.82,104.33,1877104,0.51,0.49123,104.28
AEP,2022-08-16,103.88,105.45,103.88,104.46,2063216,0.58,0.55834,104.4175
AEP,2022-08-15,103.78,104.63,103.59,104.56,2056850,0.78,0.75159,104.14
AEP,2022-08-12,102.12,103.85,101.71,103.78,3186600,1.66,1.63,102.865
AEP,2022-08-11,101.3,102.48,100.74,101.2,2214200,-0.1,-0.09871668,101.43
AEP,2022-08-10,101.11,101.41,100.29,101.34,2311400,0.23,0.22748,101.0375
AEP,2022-08-09,99.5,100.84,99.5,100.57,1867100,1.07,1.08,100.1025
AEP,2022-08-08,100.44,101.18,99.52,100.08,2050747,-0.36,-0.35842,100.305
AEP,2022-08-05,99.94,100.17,98.67,99.46,2699300,-0.48,-0.48029,99.56
AEP,2022-08-04,99.47,100.35,99.06,99.95,2864521,0.48,0.48256,99.7075
AEP,2022-08-03,98.37,99.83,96.73,99.59,2099000,1.22,1.24,98.63
AEP,2022-08-02,99.1,99.75,98.36,98.46,2139342,-0.64,-0.64581,98.9175
AEP,2022-08-01,98.28,99.21,97.88,99.1,2643200,0.82,0.83435,98.6175
AEP,2022-07-29,97.37,99.16,97.14,98.56,5858601,1.19,1.22,98.0575
AEP,2022-07-28,97.1,97.78,95.93,97.62,2805200,0.52,0.53553,97.1075
AEP,2022-07-27,94.83,96.54,94.34,96.29,2757660,1.46,1.54,95.5
AEP,2022-07-26,95.72,96.9,95.65,96.42,2492475,0.7,0.7313,96.1725
AEP,2022-07-25,94.52,95.92,94.05,95.8,2626846,1.28,1.35,95.0725
AEP,2022-07-22,93.54,94.36,93.19,94.35,1870100,0.81,0.86594,93.86
AEP,2022-07-21,92.46,92.85,92.06,92.79,2061692,0.33,0.35691,92.54
AEP,2022-07-20,93.86,94.03,92.19,92.71,2293320,-1.15,-1.23,93.1975
AEP,2022-07-19,94.29,94.29,93.39,93.59,2568991,-0.7,-0.74239,93.89
AEP,2022-07-18,94.97,94.97,93.26,93.37,2354117,-1.6,-1.68,94.1425
AEP,2022-07-15,94.47,95.27,93.37,95.22,2376900,0.75,0.7939,94.5825
AEP,2022-07-14,92.45,94.45,92.13,94.27,2043246,1.82,1.97,93.325
AEP,2022-07-13,93.45,94.73,93.22,93.9,2071104,0.45,0.48154,93.825
AEP,2022-07-12,94.91,95.92,93.97,94.37,1945186,-0.54,-0.56896,94.7925
AEP,2022-07-11,94.26,95.45,93.8,95.01,1699200,0.75,0.79567,94.63
AEP,2022-07-08,94.85,94.94,93.83,94.34,1979271,-0.51,-0.53769,94.49
AEP,2022-07-07,95.27,95.72,94.41,94.52,2604551,-0.75,-0.78724,94.98
AEP,2022-07-06,93.76,95.78,93.27,94.8,2574158,1.04,1.11,94.4025
AEP,2022-07-05,97.62,97.8,92.64,93.58,3654919,-4.04,-4.14,95.41
AEP,2022-07-01,96.0,98.02,95.39,97.95,2833608,1.95,2.03,96.84
AEP,2022-06-30,94.61,96.65,94.49,95.94,3046800,1.33,1.41,95.4225
AEP,2022-06-29,95.24,95.72,94.8,95.37,1700139,0.13,0.1365,95.2825
AEP,2022-06-28,95.09,96.19,94.78,95.08,2318500,-0.01,-0.01051635,95.285
AEP,2022-06-27,93.43,95.02,93.21,94.98,2910949,1.55,1.66,94.16
AEP,2022-06-24,92.51,93.89,92.42,93.6,3647236,1.09,1.18,93.105
AEP,2022-06-23,91.12,92.62,90.83,92.41,2991900,1.29,1.42,91.745
AEP,2022-06-22,89.48,91.16,89.47,90.31,2632549,0.83,0.92758,90.105
AEP,2022-06-21,88.55,90.52,88.45,89.95,3197547,1.4,1.58,89.3675
AEP,2022-06-17,90.1,90.29,87.63,88.41,8000905,-1.69,-1.88,89.1075
AEP,2022-06-16,89.11,89.9,88.26,89.19,3908129,0.08,0.08977668,89.115
AEP,2022-06-15,91.11,91.91,88.69,90.65,3954880,-0.46,-0.50488,90.59
AEP,2022-06-14,93.12,93.8,89.36,90.44,3482883,-2.68,-2.88,91.68
AEP,2022-06-13,97.1,97.58,92.61,93.01,4241335,-4.09,-4.21,95.075
AEP,2022-06-10,97.44,99.16,97.01,98.26,3003296,0.82,0.84154,97.9675
AEP,2022-06-09,100.47,101.18,98.17,98.26,2279800,-2.21,-2.2,99.52
AEP,2022-06-08,102.19,102.19,100.25,100.53,1814506,-1.66,-1.62,101.29
AEP,2022-06-07,102.24,102.54,101.11,102.43,1461827,0.19,0.18584,102.08
AEP,2022-06-06,102.35,102.79,101.53,102.06,1499033,-0.29,-0.28334,102.1825
AEP,2022-06-03,101.91,102.49,101.63,101.95,1682412,0.04,0.03925032,101.995
AEP,2022-06-02,102.52,102.72,100.01,102.25,2261200,-0.27,-0.26336,101.875
AEP,2022-06-01,102.65,102.9,100.88,102.04,2234500,-0.61,-0.59425,102.1175
AEP,2022-05-31,102.78,103.15,101.19,102.03,3319510,-0.75,-0.72971,102.2875
AEP,2022-05-27,102.42,103.63,101.9,103.57,2713593,1.15,1.12,102.88
AEP,2022-05-26,103.1,103.49,102.48,102.58,2574843,-0.52,-0.50436,102.9125
AEP,2022-05-25,102.35,102.99,101.75,102.48,2393000,0.13,0.12702,102.3925
AEP,2022-05-24,100.71,102.57,99.91,102.22,2534300,1.51,1.5,101.3525
AEP,2022-05-23,100.56,101.41,99.59,100.27,2485536,-0.29,-0.28839,100.4575
AEP,2022-05-20,99.05,99.94,98.19,99.7,2925622,0.65,0.65623,99.22
AEP,2022-05-19,99.47,99.59,97.57,99.04,2749800,-0.43,-0.43229,98.9175
AEP,2022-05-18,100.87,101.54,99.56,99.88,3580911,-0.99,-0.98146,100.4625
AEP,2022-05-17,99.67,100.45,98.05,100.4,2521255,0.73,0.73242,99.6425
AEP,2022-05-16,99.86,100.28,98.99,99.39,2142348,-0.47,-0.47066,99.63
AEP,2022-05-13,98.75,99.82,97.89,99.69,2270468,0.94,0.9519,99.0375
AEP,2022-05-12,99.5,100.25,97.18,98.53,2905449,-0.97,-0.97487,98.865
AEP,2022-05-11,98.93,101.3,98.78,99.78,3331438,0.85,0.85919,99.6975
AEP,2022-05-10,100.26,101.61,97.96,99.08,3174590,-1.18,-1.18,99.7275
AEP,2022-05-09,98.9,100.74,97.8,99.69,3170320,0.79,0.79879,99.2825
AEP,2022-05-06,99.49,100.11,98.66,99.65,3291015,0.16,0.16082,99.4775
AEP,2022-05-05,100.15,101.06,98.72,99.66,2680400,-0.49,-0.48927,99.8975
AEP,2022-05-04,98.97,100.91,98.59,100.72,2987900,1.75,1.77,99.7975
AEP,2022-05-03,98.75,100.14,98.07,98.58,2845001,-0.17,-0.17215,98.885
AEP,2022-05-02,99.47,100.38,96.99,98.13,2653133,-1.34,-1.35,98.7425
AEP,2022-04-29,101.93,102.24,98.82,99.11,3589336,-2.82,-2.77,100.525
AEP,2022-04-28,100.06,102.76,98.45,102.43,4362565,2.37,2.37,100.925
AEP,2022-04-27,99.45,100.9,98.2,99.53,3436000,0.08,0.08044243,99.52
AEP,2022-04-26,100.26,101.52,99.2,99.24,2050841,-1.02,-1.02,100.055
AEP,2022-04-25,100.49,101.04,98.53,100.5,3140100,0.01,0.00995124,100.14
AEP,2022-04-22,102.0,102.15,100.12,100.25,2426500,-1.75,-1.72,101.13
AEP,2022-04-21,102.54,103.51,101.95,102.12,3004627,-0.42,-0.4096,102.53
AEP,2022-04-20,102.99,103.34,102.26,102.83,2335115,-0.1575,-0.15535,102.855
AEP,2022-04-19,101.82,102.64,101.53,102.43,1892124,0.61,0.5991,102.105
AEP,2022-04-18,102.21,102.56,101.09,101.66,1818250,-0.55,-0.53811,101.88
AEP,2022-04-14,102.73,102.76,101.87,102.04,2188300,-0.69,-0.67166,102.35
AEP,2022-04-13,102.63,102.84,101.29,102.25,1737400,-0.38,-0.37026,102.2525
AEP,2022-04-12,101.47,103.03,101.02,102.31,2493924,0.84,0.82783,101.9575
AEP,2022-04-11,103.25,103.73,101.14,101.4,3621276,-1.85,-1.79,102.38
AEP,2022-04-08,103.58,104.14,102.7,102.99,2180439,-0.59,-0.56961,103.3525
AEP,2022-04-07,104.37,104.43,102.53,103.37,3226321,-1.0,-0.95813,103.675
AEP,2022-04-06,101.49,104.81,101.27,104.49,3364708,3.0,2.96,103.015
AEP,2022-04-05,100.64,102.7,100.64,101.31,2235311,0.67,0.66574,101.3225
AEP,2022-04-04,100.85,101.09,99.17,100.65,2580868,-0.2,-0.19831,100.44
AEP,2022-04-01,99.81,101.62,98.78,101.51,2569156,1.7,1.7,100.43
AEP,2022-03-31,99.81,100.67,99.52,99.77,3670720,-0.04,-0.04007614,99.9425
AEP,2022-03-30,98.69,99.44,98.17,99.42,2164105,0.73,0.73969,98.93
AEP,2022-03-29,97.46,98.81,97.35,98.69,2943100,1.23,1.26,98.0775
AEP,2022-03-28,96.78,97.62,95.97,97.61,2465550,0.83,0.85762,96.995
AEP,2022-03-25,96.35,97.39,96.35,96.84,2032224,0.49,0.50856,96.7325
AEP,2022-03-24,96.29,97.19,95.66,96.44,3036699,0.15,0.15578,96.395
AEP,2022-03-23,95.2,96.48,95.04,96.01,2989528,0.81,0.85084,95.6825
AEP,2022-03-22,94.73,95.6,94.29,95.25,3653900,0.52,0.54893,94.9675
AEP,2022-03-21,94.0,95.4,93.96,94.69,2426000,0.69,0.73404,94.5125
AEP,2022-03-18,94.94,95.34,93.39,94.07,5719033,-0.87,-0.91637,94.435
AEP,2022-03-17,95.22,95.97,94.76,94.94,2863614,-0.28,-0.29406,95.2225
AEP,2022-03-16,95.92,96.0,93.39,95.07,2880010,-0.85,-0.88616,95.095
AEP,2022-03-15,95.54,96.16,94.86,96.11,3673922,0.57,0.59661,95.6675
AEP,2022-03-14,95.4,96.35,94.54,94.74,2948400,-0.66,-0.69182,95.2575
AEP,2022-03-11,96.35,96.83,95.21,95.54,2254945,-0.81,-0.84069,95.9825
AEP,2022-03-10,94.61,96.22,93.99,95.99,2897953,1.38,1.46,95.2025
AEP,2022-03-09,95.9,95.9,94.2,95.01,3006258,-0.89,-0.92805,95.2525
AEP,2022-03-08,97.57,98.08,95.18,95.25,3689976,-2.32,-2.38,96.52
AEP,2022-03-07,96.01,98.15,95.15,97.26,4111340,1.25,1.3,96.6425
AEP,2022-03-04,93.67,96.39,93.09,96.33,4675287,2.66,2.84,94.87
AEP,2022-03-03,91.42,94.69,91.42,93.98,4173700,2.56,2.8,92.8775
AEP,2022-03-02,89.9,91.49,89.9,91.24,3146513,1.34,1.49,90.6325
AEP,2022-03-01,90.35,91.68,89.66,90.21,4013085,-0.14,-0.15495,90.475
AEP,2022-02-28,88.74,90.89,88.44,90.65,5547300,1.91,2.15,89.68
AEP,2022-02-25,87.19,89.57,86.9,89.46,4073700,2.27,2.6,88.28
AEP,2022-02-24,87.17,87.21,84.87,86.56,6582000,-0.61,-0.69978,86.4525
AEP,2022-02-23,85.99,86.18,84.43,84.64,3615613,-1.35,-1.57,85.31
AEP,2022-02-22,85.71,86.65,85.15,85.99,2481233,0.28,0.32668,85.875
AEP,2022-02-18,85.3,86.37,85.01,85.71,3909554,0.406,0.48066,85.5975
AEP,2022-02-17,85.07,85.88,84.2,85.49,3155000,0.42,0.49371,85.16
AEP,2022-02-16,85.63,85.93,84.37,85.41,2622900,-0.22,-0.25692,85.335
AEP,2022-02-15,86.4,86.81,84.96,85.44,3791289,-0.96,-1.11,85.9025
AEP,2022-02-14,87.93,88.05,85.43,86.18,2659248,-1.75,-1.99,86.8975
AEP,2022-02-11,87.56,88.65,87.52,87.65,3340500,0.09,0.10279,87.845
AEP,2022-02-10,88.59,89.0,87.19,87.39,3065100,-1.2,-1.35,88.0425
AEP,2022-02-09,90.02,90.12,89.06,89.38,2828700,-0.64,-0.71095,89.645
AEP,2022-02-08,90.07,90.54,89.71,90.2,2415305,0.135,0.14433,90.13
AEP,2022-02-07,88.78,90.38,88.78,89.81,3011400,1.03,1.16,89.4375
AEP,2022-02-04,89.27,90.29,88.42,89.17,3439600,-0.1,-0.11202,89.2875
AEP,2022-02-03,90.0,90.6,89.61,90.19,2529800,0.19,0.21111,90.1
AEP,2022-02-02,88.44,89.99,87.81,89.88,3518800,1.44,1.63,89.03
AEP,2022-02-01,89.91,90.13,87.91,88.35,4817035,-1.56,-1.74,89.075
AEP,2022-01-31,89.34,90.49,89.11,90.4,5909000,1.06,1.19,89.835
AEP,2022-01-28,89.15,90.29,88.47,90.13,4460818,0.98,1.1,89.51
AEP,2022-01-27,89.08,90.52,89.0,89.4,3239753,0.32,0.35923,89.5
AEP,2022-01-26,88.76,89.8,88.32,88.83,3561600,0.07,0.07886435,88.9275
AEP,2022-01-25,88.27,89.66,88.05,88.96,2837900,0.69,0.78169,88.735
AEP,2022-01-24,90.4,91.18,87.08,89.12,4777749,-1.28,-1.42,89.445
AEP,2022-01-21,90.66,91.66,89.73,89.97,3970027,-0.6876,-0.76109,90.505
AEP,2022-01-20,90.46,91.03,89.82,89.92,2361618,-0.54,-0.59695,90.3075
AEP,2022-01-19,90.45,91.07,89.64,90.3,2535000,-0.15,-0.16584,90.365
AEP,2022-01-18,90.51,90.82,89.2,90.32,2558946,-0.19,-0.20992,90.2125
AEP,2022-01-14,91.13,91.31,90.28,90.98,4088470,-0.15,-0.1646,90.925
AEP,2022-01-13,90.26,91.58,89.91,90.86,2937700,0.6,0.66475,90.6525
AEP,2022-01-12,89.7,90.41,88.96,90.29,2244309,0.59,0.65775,89.84
AEP,2022-01-11,90.27,90.63,89.18,89.77,2231603,-0.5,-0.55389,89.9625
AEP,2022-01-10,90.91,91.43,90.34,90.5,3206618,-0.41,-0.451,90.795
AEP,2022-01-07,88.99,91.27,88.56,90.8,3109644,1.81,2.03,89.905
AEP,2022-01-06,89.5,90.31,88.91,89.18,3296300,-0.32,-0.35754,89.475
AEP,2022-01-05,88.66,90.29,88.66,89.47,3343371,0.81,0.9136,89.27
AEP,2022-01-04,88.5,89.94,88.5,88.65,2349254,0.15,0.16949,88.8975
AEP,2022-01-03,88.63,88.77,87.53,88.61,2661803,-0.02,-0.02256572,88.385
AEP,2021-12-31,88.64,89.22,88.3,88.97,1520824,0.33,0.37229,88.7825
AEP,2021-12-30,88.64,88.76,87.99,88.69,1288900,0.05,0.05640794,88.52
AEP,2021-12-29,88.37,88.68,88.1,88.58,1170958,0.21,0.23764,88.4325
AEP,2021-12-28,87.25,88.3,87.25,88.21,1507678,0.96,1.1,87.7525
AEP,2021-12-27,86.5,87.19,86.27,87.08,1609800,0.58,0.67052,86.76
AEP,2021-12-23,86.52,86.99,86.33,86.52,1553100,0.0,0.0,86.59
AEP,2021-12-22,86.3,87.05,86.22,86.62,1776488,0.32,0.3708,86.5475
AEP,2021-12-21,87.64,87.76,86.27,86.75,2813500,-0.89,-1.02,87.105
AEP,2021-12-20,85.86,87.33,85.54,87.23,3349587,1.37,1.6,86.49
AEP,2021-12-17,87.59,88.24,86.4,86.54,5340122,-1.05,-1.2,87.1925
AEP,2021-12-16,87.14,88.39,87.02,88.0,3521600,0.86,0.98692,87.6375
AEP,2021-12-15,85.33,87.42,85.23,87.23,3894500,1.9,2.23,86.3025
AEP,2021-12-14,85.24,85.55,84.59,85.13,2341127,-0.11,-0.12905,85.1275
AEP,2021-12-13,83.92,85.48,83.9,84.98,3664800,1.06,1.26,84.57
AEP,2021-12-10,84.11,84.25,83.59,83.99,1955900,-0.12,-0.14267,83.985
AEP,2021-12-09,83.97,84.12,83.16,83.52,2441400,-0.45,-0.53591,83.6925
AEP,2021-12-08,83.79,84.58,83.46,84.02,2343129,0.2253,0.2745,83.9625
AEP,2021-12-07,83.19,84.02,82.67,83.91,3601962,0.72,0.86549,83.4475
AEP,2021-12-06,82.97,84.67,82.84,83.49,3864720,0.5228,0.62673,83.4925
AEP,2021-12-03,81.99,82.57,81.03,82.34,2809131,0.35,0.42688,81.9825
AEP,2021-12-02,80.86,82.2,80.49,81.31,3442392,0.45,0.55652,81.215
AEP,2021-12-01,81.57,82.53,80.22,80.28,3494348,-1.29,-1.58,81.15
AEP,2021-11-30,83.21,83.21,80.68,81.05,4122618,-2.16,-2.6,82.0375
AEP,2021-11-29,82.71,83.76,82.19,83.31,2899200,0.6,0.72543,82.9925
AEP,2021-11-26,83.52,83.95,82.29,82.55,1636800,-0.97,-1.16,83.0775
AEP,2021-11-24,84.76,84.76,83.7,83.82,2539228,-0.94,-1.11,84.26
AEP,2021-11-23,84.45,84.87,83.59,84.31,2166027,-0.14,-0.16578,84.305
AEP,2021-11-22,83.31,85.06,82.96,84.3,3014929,0.99,1.19,83.9075
AEP,2021-11-19,83.02,83.68,82.63,83.38,2477783,0.3567,0.43363,83.1775
AEP,2021-11-18,83.23,83.36,82.49,82.82,2123000,-0.41,-0.49261,82.975
AEP,2021-11-17,82.41,83.31,82.12,83.24,2146938,0.83,1.01,82.77
AEP,2021-11-16,82.9,83.18,82.4,82.56,1881200,-0.34,-0.41013,82.76
AEP,2021-11-15,82.25,82.9,81.81,82.88,2099100,0.63,0.76596,82.46
AEP,2021-11-12,82.44,82.58,81.9,82.02,2061000,-0.42,-0.50946,82.235
AEP,2021-11-11,84.18,84.18,82.12,82.61,2882739,-1.57,-1.87,83.2725
AEP,2021-11-10,83.55,84.32,83.48,84.18,4234900,0.63,0.75404,83.8825
AEP,2021-11-09,83.39,83.94,82.96,83.04,3267300,-0.35,-0.41971,83.3325
AEP,2021-11-08,85.16,85.19,83.55,83.9,4155074,-1.26,-1.48,84.45
AEP,2021-11-05,84.35,85.57,84.2,85.04,1940120,0.69,0.81802,84.79
AEP,2021-11-04,84.93,85.2,82.8,83.89,2690233,-1.04,-1.22,84.205
AEP,2021-11-03,85.3,85.87,84.36,84.93,2067900,-0.37,-0.43376,85.115
AEP,2021-11-02,85.21,85.54,84.31,85.3,2071400,0.09,0.10562,85.09
AEP,2021-11-01,84.7,85.32,84.41,85.13,2079547,0.426,0.50767,84.89
AEP,2021-10-29,84.71,85.25,84.13,84.71,2897600,0.0,0.0,84.7
AEP,2021-10-28,84.3,85.0,83.52,84.71,2523804,0.41,0.48636,84.3825
AEP,2021-10-27,85.74,85.74,84.08,84.3,3768605,-1.44,-1.68,84.965
AEP,2021-10-26,84.81,85.34,84.4,84.42,2829300,-0.392,-0.45985,84.7425
AEP,2021-10-25,85.57,85.66,84.58,84.67,1814100,-0.9,-1.05,85.12
AEP,2021-10-22,85.52,85.85,85.15,85.58,1770698,0.06,0.07015903,85.525
AEP,2021-10-21,84.79,85.3,84.59,85.2,1736700,0.41,0.48355,84.97
AEP,2021-10-20,84.2,85.32,84.12,84.9,2330939,0.7,0.83135,84.635
AEP,2021-10-19,83.42,83.99,83.19,83.8,2224000,0.38,0.45553,83.6
AEP,2021-10-18,83.25,83.31,82.34,82.99,2002000,-0.26,-0.31231,82.9725
AEP,2021-10-15,84.0,84.4,83.21,83.49,1849018,-0.51,-0.60714,83.775
AEP,2021-10-14,83.91,84.27,83.52,84.05,2252200,0.14,0.16685,83.9375
AEP,2021-10-13,82.74,83.52,81.85,83.46,2131300,0.72,0.8702,82.8925
AEP,2021-10-12,82.56,82.94,82.14,82.55,2898800,-0.01,-0.0121124,82.5475
AEP,2021-10-11,83.52,83.58,82.22,82.51,2221100,-1.01,-1.21,82.9575
AEP,2021-10-08,84.11,84.12,83.48,83.58,1879317,-0.53,-0.63013,83.8225
AEP,2021-10-07,84.82,85.25,83.96,84.14,2263727,-0.68,-0.8017,84.5425
AEP,2021-10-06,82.83,84.67,82.51,84.56,2697807,1.73,2.09,83.6425
AEP,2021-10-05,82.97,83.36,82.67,83.02,2587023,0.05,0.06026275,83.005
AEP,2021-10-04,81.34,83.34,81.3,83.04,3370403,1.7,2.09,82.255
AEP,2021-10-01,81.79,82.07,80.88,81.38,3181512,-0.41,-0.50128,81.53
AEP,2021-09-30,82.14,82.41,81.12,81.18,2935646,-0.96,-1.17,81.7125
AEP,2021-09-29,81.33,82.72,81.07,82.17,2177100,0.84,1.03,81.8225
AEP,2021-09-28,81.63,81.77,80.91,81.28,3483753,-0.3478,-0.42876,81.3975
AEP,2021-09-27,81.98,82.84,81.27,81.36,2713805,-0.62,-0.75628,81.8625
AEP,2021-09-24,82.26,82.78,81.83,82.05,2527284,-0.21,-0.25529,82.23
AEP,2021-09-23,82.6,83.32,82.14,82.31,2565303,-0.29,-0.35109,82.5925
AEP,2021-09-22,83.28,83.45,82.45,82.72,2326323,-0.56,-0.67243,82.975
AEP,2021-09-21,83.45,84.02,82.97,82.99,3267931,-0.46,-0.55123,83.3575
AEP,2021-09-20,84.1,84.29,82.26,83.3,4842813,-0.795,-0.95125,83.4875
AEP,2021-09-17,85.98,86.13,83.55,84.1,6934700,-1.88,-2.19,84.94
AEP,2021-09-16,87.04,87.61,85.8,85.98,3650475,-1.06,-1.22,86.6075
AEP,2021-09-15,87.5,88.11,87.24,87.33,2565800,-0.17,-0.19429,87.545
AEP,2021-09-14,88.93,88.93,87.53,87.83,1884051,-1.1,-1.24,88.305
AEP,2021-09-13,89.57,89.77,87.77,88.32,2408200,-1.25,-1.4,88.8575
AEP,2021-09-10,90.36,90.44,88.75,88.83,2067965,-1.53,-1.69,89.595
AEP,2021-09-09,90.49,90.83,90.28,90.4,1474000,-0.092,-0.0994585,90.5
AEP,2021-09-08,89.0,91.06,88.79,90.68,3048076,1.68,1.89,89.8825
AEP,2021-09-07,90.27,90.27,88.67,88.91,1967850,-1.36,-1.51,89.53
AEP,2021-09-03,90.49,91.09,90.27,90.41,1407521,-0.08,-0.08840756,90.565
AEP,2021-09-02,90.46,91.0,90.3,90.93,1512073,0.47,0.51957,90.6725
AEP,2021-09-01,90.0,90.82,89.52,90.5,2532400,0.5,0.55556,90.21
AEP,2021-08-31,89.54,90.1,89.23,89.57,1933412,0.03,0.03350458,89.61
AEP,2021-08-30,89.21,89.96,89.01,89.62,2222003,0.41,0.45959,89.45
AEP,2021-08-27,89.32,89.8,89.1,89.29,1840100,-0.03,-0.0335871,89.3775
AEP,2021-08-26,89.28,89.41,88.72,89.25,1626900,-0.03,-0.03360215,89.165
AEP,2021-08-25,89.23,89.6,88.53,89.33,2754959,0.1,0.11207,89.1725
AEP,2021-08-24,90.03,90.03,88.7,89.23,1690329,-0.8,-0.88859,89.4975
AEP,2021-08-23,91.33,91.36,89.81,90.12,3053715,-1.21,-1.32,90.655
AEP,2021-08-20,89.95,91.49,89.7,91.08,2681012,1.13,1.26,90.555
AEP,2021-08-19,90.43,91.17,90.02,90.4,2702800,-0.03,-0.03317483,90.505
AEP,2021-08-18,90.31,90.59,89.51,89.75,3398300,-0.56,-0.62009,90.04
AEP,2021-08-17,90.03,90.6,89.9,90.54,2079621,0.51,0.56648,90.2675
AEP,2021-08-16,89.86,91.26,89.68,90.3,1930283,0.438,0.48965,90.275
AEP,2021-08-13,89.65,89.9,89.0,89.69,4169844,0.045,0.04461796,89.56
AEP,2021-08-12,89.36,89.48,88.82,88.95,1789182,-0.41,-0.45882,89.1525
AEP,2021-08-11,89.2,89.67,88.75,89.17,3565800,-0.03,-0.03363229,89.1975
AEP,2021-08-10,88.68,89.22,88.26,88.75,2468831,0.07,0.0789355,88.7275
AEP,2021-08-09,88.78,88.98,88.14,88.76,1823434,-0.02,-0.0225276,88.665
AEP,2021-08-06,89.43,89.99,89.09,89.34,2106907,-0.09,-0.10064,89.4625
AEP,2021-08-05,89.0,89.78,88.39,89.66,2972700,0.66,0.74157,89.2075
AEP,2021-08-04,89.0,89.02,87.96,88.83,3502643,-0.17,-0.19101,88.7025
AEP,2021-08-03,88.72,89.63,88.23,89.09,2143547,0.37,0.41704,88.9175
AEP,2021-08-02,88.25,88.88,87.66,88.34,2309309,0.09,0.10198,88.2825
AEP,2021-07-30,89.17,89.93,87.89,88.12,3601700,-1.05,-1.18,88.7775
AEP,2021-07-29,88.94,89.51,88.83,89.14,1950598,0.2,0.22487,89.105
AEP,2021-07-28,89.56,89.81,88.26,88.99,2936800,-0.568,-0.63644,89.155
AEP,2021-07-27,87.54,89.77,87.32,89.39,3547100,1.85,2.11,88.505
AEP,2021-07-26,85.71,87.82,85.4,87.68,4389600,1.97,2.3,86.6525
AEP,2021-07-23,84.77,86.1,84.68,85.98,3368500,1.21,1.43,85.3825
AEP,2021-07-22,84.61,87.17,84.61,84.88,2972400,0.27,0.31911,85.3175
AEP,2021-07-21,85.61,86.05,84.61,84.72,2973540,-0.89,-1.04,85.2475
AEP,2021-07-20,86.28,86.82,85.66,85.74,3070202,-0.54,-0.62587,86.125
AEP,2021-07-19,87.59,88.06,85.0,85.77,3906300,-1.82,-2.08,86.605
AEP,2021-07-16,87.01,88.13,86.85,87.49,2199205,0.48,0.55166,87.37
AEP,2021-07-15,85.94,87.26,85.52,87.18,2662400,1.24,1.44,86.475
AEP,2021-07-14,85.6,86.55,84.82,86.18,2156800,0.58,0.67757,85.7875
AEP,2021-07-13,85.31,85.72,84.81,85.24,2067000,-0.07,-0.08205369,85.27
AEP,2021-07-12,85.34,85.47,84.78,85.41,1651715,0.07,0.08202484,85.25
AEP,2021-07-09,85.09,85.51,84.45,85.39,2122900,0.3,0.35257,85.11
AEP,2021-07-08,85.71,86.11,85.1,85.31,2495300,-0.4,-0.46669,85.5575
AEP,2021-07-07,85.35,85.68,84.84,85.62,2147126,0.27,0.31634,85.3725
AEP,2021-07-06,85.17,85.38,84.02,85.24,1863400,0.07,0.08218856,84.9525
AEP,2021-07-02,85.58,85.58,84.84,85.2,2487130,-0.38,-0.44403,85.3
AEP,2021-07-01,84.73,85.62,84.46,85.26,2217387,0.53,0.62552,85.0175
AEP,2021-06-30,84.01,84.73,83.82,84.59,2687538,0.58,0.69039,84.2875
AEP,2021-06-29,84.79,85.46,83.65,83.93,2753708,-0.8575,-1.01,84.4575
AEP,2021-06-28,84.84,85.54,84.59,84.9,2674406,0.06,0.07072136,84.9675
AEP,2021-06-25,82.85,84.96,82.6,84.77,3458720,1.92,2.32,83.795
AEP,2021-06-24,82.5,83.2,82.14,82.85,2694400,0.35,0.42424,82.6725
AEP,2021-06-23,83.13,83.48,82.37,82.65,2674068,-0.48,-0.57741,82.9075
AEP,2021-06-22,83.51,83.91,83.18,83.26,2659406,-0.2517,-0.29937,83.465
AEP,2021-06-21,82.53,83.46,82.12,83.19,2431400,0.66,0.79971,82.825
AEP,2021-06-18,84.18,84.28,82.18,82.35,4480827,-1.83,-2.17,83.2475
AEP,2021-06-17,84.33,85.19,83.98,84.39,2559900,0.06,0.07114906,84.4725
AEP,2021-06-16,85.67,85.97,84.25,84.4,2668311,-1.27,-1.48,85.0725
AEP,2021-06-15,85.4,85.57,84.88,85.24,2239200,-0.16,-0.18735,85.2725
AEP,2021-06-14,84.73,85.19,84.66,85.13,1933706,0.4,0.47209,84.9275
AEP,2021-06-11,84.64,85.13,84.4,84.76,3335140,0.12,0.14178,84.7325
AEP,2021-06-10,84.84,85.05,84.24,84.73,2386600,-0.11,-0.12966,84.715
AEP,2021-06-09,83.4,84.74,83.08,84.45,3277126,1.05,1.26,83.9175
AEP,2021-06-08,85.81,85.81,81.94,82.97,6890000,-2.84,-3.31,84.1325
AEP,2021-06-07,86.3,86.3,85.5,85.67,2206300,-0.63,-0.73001,85.9425
AEP,2021-06-04,85.97,86.29,85.62,86.03,1984849,0.06,0.06979179,85.9775
AEP,2021-06-03,85.12,86.41,84.97,85.96,5428017,0.84,0.98684,85.615
AEP,2021-06-02,85.25,85.95,84.92,85.65,1817704,0.4,0.46921,85.4425
AEP,2021-06-01,86.17,86.26,84.98,85.1,2137200,-1.07,-1.24,85.6275
AEP,2021-05-28,86.0,86.42,85.81,86.0,2299147,0.0,0.0,86.0575
AEP,2021-05-27,85.92,85.96,85.48,85.55,2452700,-0.37,-0.43063,85.7275
AEP,2021-05-26,86.1,86.2,85.57,85.75,1985749,-0.35,-0.4065,85.905
AEP,2021-05-25,86.65,86.77,85.6,85.93,1845722,-0.72,-0.83093,86.2375
AEP,2021-05-24,87.06,87.12,86.44,86.57,1551200,-0.49,-0.56283,86.7975
AEP,2021-05-21,86.61,86.87,86.2,86.65,2015921,0.04,0.04618404,86.5825
AEP,2021-05-20,85.86,86.97,85.7,86.26,2196700,0.4,0.46587,86.1975
AEP,2021-05-19,85.59,86.08,84.78,85.92,2498900,0.33,0.38556,85.5925
AEP,2021-05-18,85.88,86.07,85.15,85.75,3130907,-0.13,-0.15137,85.7125
AEP,2021-05-17,86.47,86.9,85.15,85.45,4317800,-1.02,-1.18,85.9925
AEP,2021-05-14,86.92,87.46,86.62,86.76,2193732,-0.16,-0.18408,86.94
AEP,2021-05-13,85.0,87.11,84.7,86.52,3025800,1.52,1.79,85.8325
AEP,2021-05-12,86.29,86.63,84.85,84.98,3702200,-1.31,-1.52,85.6875
AEP,2021-05-11,87.58,88.1,85.83,86.41,6084105,-1.17,-1.34,86.98
AEP,2021-05-10,87.55,88.31,87.31,87.56,4291800,0.01,0.01142204,87.6825
AEP,2021-05-07,87.07,88.05,86.89,87.19,2617123,0.12,0.13782,87.3
AEP,2021-05-06,87.71,88.44,87.15,88.12,1644241,0.41,0.46745,87.855
AEP,2021-05-05,88.29,88.3,86.7,87.47,1906325,-0.82,-0.92876,87.69
AEP,2021-05-04,88.42,89.06,87.73,88.38,2747100,-0.04,-0.04523863,88.3975
AEP,2021-05-03,89.07,89.5,88.46,88.68,2071000,-0.39,-0.43786,88.9275
AEP,2021-04-30,88.25,88.8,87.54,88.71,2817940,0.46,0.52125,88.325
AEP,2021-04-29,86.6,88.13,86.56,88.09,2592984,1.49,1.72,87.345
AEP,2021-04-28,87.42,87.6,86.36,86.73,4908700,-0.69,-0.78929,87.0275
AEP,2021-04-27,87.34,87.91,87.08,87.2,2173400,-0.14,-0.16029,87.3825
AEP,2021-04-26,88.05,88.05,87.04,87.6,1743600,-0.45,-0.51107,87.685
AEP,2021-04-23,88.4,88.4,87.36,87.7,3136937,-0.7,-0.79186,87.965
AEP,2021-04-22,87.64,89.16,87.43,87.95,2755900,0.31,0.35372,88.045
AEP,2021-04-21,89.82,90.45,89.04,89.35,2662700,-0.47,-0.52327,89.665
AEP,2021-04-20,89.0,90.62,88.7,90.14,3333378,1.14,1.28,89.615
AEP,2021-04-19,88.55,89.0,88.07,88.65,2753004,0.1,0.11293,88.5675
AEP,2021-04-16,88.19,88.9,87.77,88.55,2378400,0.36,0.40821,88.3525
AEP,2021-04-15,87.19,87.92,86.83,87.81,3004334,0.615,0.71109,87.4375
AEP,2021-04-14,86.4,87.09,85.98,87.07,2563417,0.6687,0.77546,86.635
AEP,2021-04-13,85.71,86.93,85.0,86.72,2460600,1.01,1.18,86.09
AEP,2021-04-12,86.04,86.72,85.73,86.0,3324800,-0.04,-0.04649,86.1225
AEP,2021-04-09,86.07,86.7,85.82,85.89,2952841,-0.18,-0.20913,86.12
AEP,2021-04-08,86.82,86.99,86.0,86.07,2814823,-0.75,-0.86386,86.47
AEP,2021-04-07,86.92,87.16,86.29,86.69,1883105,-0.23,-0.26461,86.765
AEP,2021-04-06,86.39,86.82,85.66,86.77,1733300,0.38,0.43987,86.41
AEP,2021-04-05,85.22,86.72,85.15,86.29,1702302,1.07,1.26,85.845
AEP,2021-04-01,84.9,85.58,84.3,85.54,2180000,0.64,0.75383,85.08
AEP,2021-03-31,84.52,85.09,84.13,84.7,3250700,0.1767,0.21297,84.61
AEP,2021-03-30,85.52,85.52,83.7,84.73,2428393,-0.79,-0.92376,84.8675
AEP,2021-03-29,84.58,86.13,84.26,85.84,2639800,1.26,1.49,85.2025
AEP,2021-03-26,84.45,85.04,83.68,84.99,3074539,0.54,0.63943,84.54
AEP,2021-03-25,85.53,85.84,84.34,84.72,3383520,-0.81,-0.94704,85.1075
AEP,2021-03-24,84.21,85.47,83.8,84.99,2895188,0.78,0.92626,84.6175
AEP,2021-03-23,84.0,85.16,83.5,84.64,2652004,0.64,0.7619,84.325
AEP,2021-03-22,84.15,84.35,83.14,83.63,2854337,-0.52,-0.61794,83.8175
AEP,2021-03-19,82.87,84.14,81.97,83.67,9525500,0.8,0.96537,83.1625
AEP,2021-03-18,82.28,82.69,81.24,82.6,2349875,0.32,0.38892,82.2025
AEP,2021-03-17,83.37,83.71,81.97,82.12,3034900,-1.25,-1.5,82.7925
AEP,2021-03-16,81.8,83.55,81.8,83.5,5104300,1.7,2.08,82.6625
AEP,2021-03-15,81.06,82.33,81.05,82.28,3209500,1.22,1.51,81.68
AEP,2021-03-12,80.42,81.47,79.69,81.04,2637900,0.62,0.77095,80.655
AEP,2021-03-11,80.84,81.81,79.98,80.0,3129913,-0.84,-1.04,80.6575
AEP,2021-03-10,81.23,81.58,80.39,81.2,3518760,-0.03,-0.03693217,81.1
AEP,2021-03-09,80.87,81.18,80.31,80.6,2869049,-0.27,-0.33387,80.74
AEP,2021-03-08,78.83,80.96,78.7,80.49,3215800,1.66,2.11,79.745
AEP,2021-03-05,77.5,79.29,77.25,78.9,4182950,1.4,1.81,78.235
AEP,2021-03-04,76.33,78.12,76.19,77.25,4102503,0.92,1.21,76.9725
AEP,2021-03-03,76.23,76.46,74.96,76.32,2936800,0.09,0.11806,75.9925
AEP,2021-03-02,76.86,77.15,75.89,76.45,3851922,-0.4084,-0.53344,76.5875
AEP,2021-03-01,75.42,77.6,75.4,76.71,3091426,1.29,1.71,76.2825
AEP,2021-02-26,76.5,77.33,74.8,74.85,4432612,-1.65,-2.16,75.87
AEP,2021-02-25,78.06,78.06,75.74,76.3,4283819,-1.76,-2.25,77.04
AEP,2021-02-24,78.17,78.25,76.85,77.1,3507524,-1.07,-1.37,77.5925
AEP,2021-02-23,77.29,78.76,76.94,78.09,3660500,0.8,1.04,77.77
AEP,2021-02-22,78.87,79.06,75.42,76.77,3651600,-2.1,-2.66,77.53
AEP,2021-02-19,80.13,80.48,78.72,79.08,3658477,-1.05,-1.31,79.6025
AEP,2021-02-18,78.51,80.69,78.51,80.48,3468100,1.97,2.51,79.5475
AEP,2021-02-17,78.49,79.35,78.22,78.49,2152036,0.0,0.0,78.6375
AEP,2021-02-16,78.57,78.79,77.91,78.19,2233100,-0.3761,-0.48365,78.365
AEP,2021-02-12,78.91,79.33,78.18,78.61,1917842,-0.3,-0.38018,78.7575
AEP,2021-02-11,80.14,80.24,78.77,78.95,2284271,-1.19,-1.48,79.525
AEP,2021-02-10,79.99,80.45,79.44,80.01,2767315,0.02,0.02500313,79.9725
AEP,2021-02-09,80.24,80.47,79.0,79.84,2148224,-0.4,-0.4985,79.8875
AEP,2021-02-08,82.37,82.39,80.4,80.98,2047349,-1.39,-1.69,81.535
AEP,2021-02-05,82.49,82.82,82.01,82.19,1584900,-0.3,-0.36368,82.3775
AEP,2021-02-04,81.34,82.26,81.1,82.21,1783226,0.87,1.07,81.7275
AEP,2021-02-03,82.1,82.5,81.2,81.28,2162932,-0.82,-0.99878,81.77
AEP,2021-02-02,81.32,83.03,80.82,82.11,2584543,0.79,0.97147,81.82
AEP,2021-02-01,81.1,81.75,80.01,81.18,1901700,0.08,0.09864365,81.01
AEP,2021-01-29,80.19,81.62,79.81,80.91,3261030,0.7165,0.89787,80.6325
AEP,2021-01-28,80.95,82.27,80.51,80.56,2118400,-0.39,-0.48178,81.0725
AEP,2021-01-27,81.2,82.67,80.09,80.44,2528400,-0.76,-0.93596,81.1
AEP,2021-01-26,82.2,82.55,80.77,81.82,3134700,-0.38,-0.46229,81.835
AEP,2021-01-25,81.58,83.1,81.35,82.59,2481903,1.01,1.24,82.155
AEP,2021-01-22,80.81,82.46,80.77,82.08,3789500,1.27,1.57,81.53
AEP,2021-01-21,81.0,81.61,80.3,80.97,3227390,-0.03,-0.03703704,80.97
AEP,2021-01-20,80.37,81.05,79.57,80.75,2588700,0.38,0.47281,80.435
AEP,2021-01-19,80.95,81.17,79.38,80.71,2816400,-0.24,-0.29648,80.5525
AEP,2021-01-15,76.96,80.69,76.96,80.47,4258237,3.51,4.56,78.77
AEP,2021-01-14,78.06,79.04,77.14,78.83,8042711,0.77,0.98642,78.2675
AEP,2021-01-13,78.06,78.49,77.39,78.15,7425052,0.09,0.1153,78.0225
AEP,2021-01-12,77.85,78.36,76.82,77.84,3122835,-0.01,-0.01284522,77.7175
AEP,2021-01-11,79.11,79.22,77.83,78.78,2372584,-0.335,-0.41714,78.735
AEP,2021-01-08,79.67,80.02,78.61,79.18,3059851,-0.49,-0.61504,79.37
AEP,2021-01-07,82.45,82.45,79.87,79.89,2764400,-2.56,-3.1,81.165
AEP,2021-01-06,81.12,82.74,80.62,82.08,2713900,0.96,1.18,81.64
AEP,2021-01-05,81.8,82.05,80.97,81.43,2212300,-0.37,-0.45232,81.5625
AEP,2021-01-04,83.33,83.44,81.21,81.54,3232971,-1.79,-2.15,82.38
AEP,2020-12-31,81.53,83.36,81.43,83.27,1778627,1.74,2.13,82.3975
AEP,2020-12-30,81.05,81.7,81.03,81.51,1846304,0.46,0.56755,81.3225
AEP,2020-12-29,81.45,82.18,81.03,81.18,1721062,-0.27,-0.33149,81.46
AEP,2020-12-28,81.74,81.9,80.67,81.28,1617374,-0.46,-0.56276,81.3975
AEP,2020-12-24,80.84,81.58,80.41,81.42,758022,0.58,0.71747,81.0625
AEP,2020-12-23,81.89,82.27,80.7,80.71,2435175,-1.18,-1.44,81.3925
AEP,2020-12-22,81.94,82.05,80.9,81.4,2896215,-0.54,-0.65902,81.5725
AEP,2020-12-21,82.71,83.03,80.86,82.12,3056857,-0.59,-0.71334,82.18
AEP,2020-12-18,83.65,84.6,82.62,83.29,14359243,-0.3591,-0.43036,83.54
AEP,2020-12-17,83.27,84.74,83.22,83.86,2585235,0.59,0.70854,83.7725
AEP,2020-12-16,84.22,84.83,82.6,82.83,2290493,-1.39,-1.65,83.62
AEP,2020-12-15,82.7,84.43,82.16,84.29,2397626,1.59,1.92,83.395
AEP,2020-12-14,83.8,84.47,82.14,82.21,2756400,-1.59,-1.9,83.155
AEP,2020-12-11,82.05,82.88,81.88,82.76,1884405,0.71,0.86533,82.3925
AEP,2020-12-10,84.0,84.03,82.21,82.48,2449712,-1.52,-1.81,83.18
AEP,2020-12-09,83.49,83.85,82.83,83.6,2491809,0.11,0.13175,83.4425
AEP,2020-12-08,83.67,84.09,82.69,83.49,2077200,-0.18,-0.21513,83.485
AEP,2020-12-07,82.85,84.13,82.8,83.84,2545734,0.99,1.19,83.405
AEP,2020-12-04,84.59,85.03,82.64,83.39,3094200,-1.2,-1.42,83.9125
AEP,2020-12-03,85.59,85.69,84.22,84.74,2590324,-0.85,-0.99311,85.06
AEP,2020-12-02,84.86,85.95,84.08,85.87,1858727,1.01,1.19,85.19
AEP,2020-12-01,85.23,86.28,84.61,85.21,3362648,-0.02,-0.02346592,85.3325
AEP,2020-11-30,84.82,85.25,84.01,84.89,3484524,0.07,0.08252771,84.7425
AEP,2020-11-27,85.27,85.41,84.13,84.92,1154642,-0.35,-0.41046,84.9325
AEP,2020-11-25,85.11,85.54,84.28,85.37,2276418,0.26,0.30549,85.075
AEP,2020-11-24,84.1,84.97,83.33,84.82,2864000,0.72,0.85612,84.305
AEP,2020-11-23,83.22,83.83,82.4,83.41,4279729,0.19,0.22831,83.215
AEP,2020-11-20,81.79,82.79,80.81,82.49,5841366,0.7,0.85585,81.97
AEP,2020-11-19,83.33,83.69,81.98,82.45,4399203,-0.88,-1.06,82.8625
AEP,2020-11-18,87.27,87.28,84.05,84.13,2861600,-3.14,-3.6,85.6825
AEP,2020-11-17,88.9,89.18,86.49,86.73,3052660,-2.17,-2.44,87.825
AEP,2020-11-16,89.27,89.81,88.01,89.21,4201080,-0.06,-0.06721183,89.075
AEP,2020-11-13,90.02,90.47,89.2,89.87,1936344,-0.15,-0.16663,89.89
AEP,2020-11-12,90.39,90.88,88.84,89.64,1687542,-0.755,-0.82974,89.9375
AEP,2020-11-11,91.28,92.79,90.73,91.15,2094200,-0.13,-0.14242,91.4875
AEP,2020-11-10,90.04,91.74,89.39,90.79,2587122,0.75,0.83296,90.49
AEP,2020-11-09,92.0,94.21,90.03,90.26,3674500,-1.74,-1.89,91.625
AEP,2020-11-06,91.11,91.91,90.47,90.92,2145700,-0.19,-0.20854,91.1025
AEP,2020-11-05,91.08,92.83,90.58,90.71,3012422,-0.37,-0.40624,91.3
AEP,2020-11-04,90.65,92.13,89.99,90.15,2401720,-0.5,-0.55157,90.73
AEP,2020-11-03,92.09,92.09,90.45,90.89,2886700,-1.2,-1.3,91.38
AEP,2020-11-02,90.83,91.24,89.77,91.23,3171586,0.4,0.44038,90.7675
AEP,2020-10-30,90.6,91.14,88.75,89.93,2415003,-0.67,-0.73951,90.105
AEP,2020-10-29,90.06,91.48,88.84,90.54,2215683,0.48,0.53298,90.23
AEP,2020-10-28,92.07,93.44,90.18,90.32,2916323,-1.75,-1.9,91.5025
AEP,2020-10-27,93.08,93.8,91.96,92.53,2485842,-0.55,-0.59089,92.8425
AEP,2020-10-26,91.46,94.21,91.46,93.59,3753500,2.13,2.33,92.68
AEP,2020-10-23,92.15,92.31,91.52,91.88,3525727,-0.27,-0.293,91.965
AEP,2020-10-22,90.17,92.7,89.79,92.2,3507924,2.03,2.25,91.215
AEP,2020-10-21,90.41,91.37,90.08,90.4,2604500,-0.01,-0.01106072,90.565
AEP,2020-10-20,91.9,91.9,90.02,90.68,3647026,-1.22,-1.33,91.125
AEP,2020-10-19,91.43,91.87,90.94,91.28,2229692,-0.15,-0.16406,91.38
AEP,2020-10-16,89.76,91.69,89.36,91.52,1966605,1.76,1.96,90.5825
AEP,2020-10-15,88.56,90.62,88.56,89.54,1675210,0.98,1.11,89.32
AEP,2020-10-14,89.53,90.05,88.59,89.34,2283300,-0.19,-0.21222,89.3775
AEP,2020-10-13,89.89,89.96,88.44,89.23,3103116,-0.66,-0.73423,89.38
AEP,2020-10-12,89.7,91.26,88.91,90.48,2301800,0.78,0.86957,90.0875
AEP,2020-10-09,89.95,89.95,88.56,89.82,2734661,-0.13,-0.14452,89.57
AEP,2020-10-08,88.93,89.82,88.37,89.38,1626432,0.45,0.50602,89.125
AEP,2020-10-07,88.8,89.65,88.09,88.61,2257026,-0.19,-0.21396,88.7875
AEP,2020-10-06,86.62,89.68,86.36,88.43,4369675,1.81,2.09,87.7725
AEP,2020-10-05,85.25,87.33,84.25,87.05,3397338,1.8,2.11,85.97
AEP,2020-10-02,82.73,85.61,82.22,85.3,3919298,2.57,3.11,83.965
AEP,2020-10-01,81.69,83.09,81.3,83.06,2365643,1.37,1.68,82.285
AEP,2020-09-30,81.54,82.1,81.24,81.73,2594934,0.19,0.23301,81.6525
AEP,2020-09-29,81.01,81.56,80.48,80.97,1688908,-0.04,-0.04937662,81.005
AEP,2020-09-28,81.06,81.53,80.46,80.65,1707900,-0.41,-0.5058,80.925
AEP,2020-09-25,80.31,80.89,79.81,80.65,3252586,0.34,0.42336,80.415
AEP,2020-09-24,79.13,80.57,78.58,80.49,3551500,1.36,1.72,79.6925
AEP,2020-09-23,79.84,80.17,78.94,79.18,3406030,-0.66,-0.82665,79.5325
AEP,2020-09-22,78.97,80.65,78.84,79.85,1773710,0.88,1.11,79.5775
AEP,2020-09-21,78.34,79.54,77.79,79.36,3135226,1.02,1.3,78.7575
AEP,2020-09-18,79.89,79.95,78.51,78.78,3160410,-1.11,-1.39,79.2825
AEP,2020-09-17,80.01,80.07,79.11,80.04,1562757,0.03,0.03749531,79.8075
AEP,2020-09-16,79.84,80.98,79.61,80.46,2112063,0.62,0.77655,80.2225
AEP,2020-09-15,80.61,81.34,79.39,80.0,1667446,-0.61,-0.75673,80.335
AEP,2020-09-14,79.32,81.01,79.21,80.34,1979500,1.02,1.29,79.97
AEP,2020-09-11,78.48,79.19,78.12,79.15,1824198,0.67,0.85372,78.735
AEP,2020-09-10,79.4,79.59,78.14,78.52,2424100,-0.88,-1.11,78.9125
AEP,2020-09-09,79.5,81.13,79.19,79.91,2124500,0.41,0.51572,79.9325
AEP,2020-09-08,79.08,79.38,77.67,78.98,1821800,-0.1,-0.12645,78.7775
AEP,2020-09-04,79.55,79.89,77.91,79.05,1710200,-0.5,-0.62854,79.1
AEP,2020-09-03,80.66,81.28,78.73,79.56,2230047,-1.1,-1.36,80.0575
AEP,2020-09-02,77.81,80.51,77.71,80.31,3201300,2.5,3.21,79.085
AEP,2020-09-01,78.59,78.64,77.3,77.82,3172135,-0.77,-0.97977,78.0875
AEP,2020-08-31,78.75,80.24,77.78,78.83,4966700,0.08,0.10159,78.9
AEP,2020-08-28,78.38,78.44,77.32,78.35,2894300,-0.03,-0.03827507,78.1225
AEP,2020-08-27,78.8,79.36,78.2,78.37,2159844,-0.43,-0.54569,78.6825
AEP,2020-08-26,79.06,79.44,78.17,78.61,2532000,-0.45,-0.56919,78.82
AEP,2020-08-25,80.85,80.86,79.39,79.77,1685000,-1.08,-1.34,80.2175
AEP,2020-08-24,79.25,80.97,78.73,80.78,2519913,1.53,1.93,79.9325
AEP,2020-08-21,79.2,79.69,77.99,79.08,3090628,-0.12,-0.15152,78.99
AEP,2020-08-20,80.69,81.04,79.17,79.41,2412273,-1.28,-1.59,80.0775
AEP,2020-08-19,81.59,81.63,80.67,80.92,2021228,-0.67,-0.82118,81.2025
AEP,2020-08-18,81.36,81.67,80.06,81.55,3340924,0.19,0.23353,81.16
AEP,2020-08-17,83.27,83.32,81.21,81.23,2988834,-2.04,-2.45,82.2575
AEP,2020-08-14,83.44,83.77,82.79,82.95,2874921,-0.49,-0.58725,83.2375
AEP,2020-08-13,83.57,84.01,83.11,83.66,2059609,0.09,0.10769,83.5875
AEP,2020-08-12,83.75,85.11,83.73,84.15,5597439,0.4,0.47761,84.185
AEP,2020-08-11,85.2,85.27,82.87,83.29,6387000,-1.91,-2.24,84.1575
AEP,2020-08-10,86.94,86.94,85.5,85.94,2774168,-1.0,-1.15,86.33
AEP,2020-08-07,84.25,87.15,84.25,86.6,2230752,2.35,2.79,85.5625
AEP,2020-08-06,84.01,85.6,82.77,85.37,2313300,1.36,1.62,84.4375
AEP,2020-08-05,85.84,86.12,84.5,84.83,2336028,-1.01,-1.18,85.3225
AEP,2020-08-04,85.53,86.79,85.18,85.54,2162700,0.01,0.0116918,85.76
AEP,2020-08-03,86.62,86.62,84.95,85.77,2088541,-0.85,-0.9813,85.99
AEP,2020-07-31,85.74,86.97,85.16,86.88,2797300,1.14,1.33,86.1875
AEP,2020-07-30,84.48,86.07,83.92,86.07,2684453,1.59,1.88,85.135
AEP,2020-07-29,85.0,85.26,83.84,84.8,2950504,-0.2,-0.23529,84.725
AEP,2020-07-28,83.38,85.25,83.38,84.74,5519400,1.36,1.63,84.1875
AEP,2020-07-27,87.23,87.42,79.23,83.26,22455980,-3.97,-4.55,84.285
AEP,2020-07-24,89.07,89.93,87.65,88.05,2085924,-1.02,-1.15,88.675
AEP,2020-07-23,89.14,89.45,88.05,88.71,2707400,-0.43,-0.48239,88.8375
AEP,2020-07-22,87.04,89.38,86.38,89.28,3059300,2.24,2.57,88.02
AEP,2020-07-21,87.28,88.52,86.72,87.56,1908708,0.28,0.32081,87.52
AEP,2020-07-20,87.54,88.38,86.61,86.72,2159147,-0.82,-0.93671,87.3125
AEP,2020-07-17,85.79,87.75,85.19,87.51,2819876,1.72,2.0,86.56
AEP,2020-07-16,84.79,85.55,84.55,85.09,2510300,0.3,0.35382,84.995
AEP,2020-07-15,86.03,87.04,84.42,84.68,2914258,-1.35,-1.57,85.5425
AEP,2020-07-14,84.6,86.06,84.44,85.35,3150100,0.75,0.88652,85.1125
AEP,2020-07-13,83.9,85.08,83.53,84.76,3378320,0.86,1.03,84.3175
AEP,2020-07-10,82.05,84.44,82.05,84.15,3023200,2.1,2.56,83.1725
AEP,2020-07-09,81.92,82.43,80.48,82.02,2034460,0.1,0.12207,81.7125
AEP,2020-07-08,82.18,82.9,81.71,82.42,1809400,0.24,0.29204,82.3025
AEP,2020-07-07,81.3,82.57,80.64,82.39,2945152,1.09,1.34,81.725
AEP,2020-07-06,83.11,83.72,81.12,82.12,2250123,-0.99,-1.19,82.5175
AEP,2020-07-02,82.67,83.29,82.3,82.52,1645337,-0.15,-0.18144,82.695
AEP,2020-07-01,79.76,82.51,79.71,82.0,2378100,2.24,2.81,80.995
AEP,2020-06-30,79.7,80.78,79.05,79.64,2587029,-0.06,-0.07528231,79.7925
AEP,2020-06-29,78.72,79.57,78.19,79.57,2377142,0.85,1.08,79.0125
AEP,2020-06-26,79.31,80.23,77.15,78.0,4365216,-1.31,-1.65,78.6725
AEP,2020-06-25,80.41,80.61,78.76,79.3,3559427,-1.11,-1.38,79.77
AEP,2020-06-24,80.23,80.96,79.77,80.71,3337551,0.48,0.59828,80.4175
AEP,2020-06-23,81.5,81.97,80.06,80.95,3444931,-0.55,-0.67485,81.12
AEP,2020-06-22,79.6,81.16,79.32,80.62,2741759,1.02,1.28,80.175
AEP,2020-06-19,82.62,82.62,79.66,79.71,5708900,-2.91,-3.52,81.1525
AEP,2020-06-18,81.86,82.39,80.98,81.77,1896880,-0.09,-0.10994,81.75
AEP,2020-06-17,82.25,82.75,80.91,82.25,1888310,0.0,0.0,82.04
AEP,2020-06-16,83.52,84.02,81.19,81.6,3505710,-1.92,-2.3,82.5825
AEP,2020-06-15,80.16,82.17,79.7,81.76,3116209,1.6,2.0,80.9475
AEP,2020-06-12,83.0,83.03,80.62,81.8,2389442,-1.2,-1.45,82.1125
AEP,2020-06-11,84.08,84.35,81.0,81.76,3910106,-2.32,-2.76,82.7975
AEP,2020-06-10,85.83,86.9,85.3,85.37,2059876,-0.46,-0.53594,85.85
AEP,2020-06-09,87.31,87.35,84.82,85.91,2041700,-1.4,-1.6,86.3475
AEP,2020-06-08,85.43,88.12,85.02,87.91,2179617,2.48,2.9,86.62
AEP,2020-06-05,84.99,87.1,84.72,85.51,2670668,0.52,0.61184,85.58
AEP,2020-06-04,86.39,86.54,83.38,84.4,2252927,-1.99,-2.3,85.1775
AEP,2020-06-03,86.31,87.96,86.12,86.99,1868138,0.68,0.78786,86.845
AEP,2020-06-02,86.81,86.84,85.26,85.98,1672300,-0.83,-0.95611,86.2225
AEP,2020-06-01,85.08,86.46,84.86,86.14,1711500,1.06,1.25,85.635
AEP,2020-05-29,84.99,85.85,84.31,85.25,3445400,0.26,0.30592,85.1
AEP,2020-05-28,82.62,85.62,82.62,85.1,3752108,2.48,3.0,83.99
AEP,2020-05-27,81.04,81.49,80.27,81.44,3547610,0.4,0.49358,81.06
AEP,2020-05-26,79.5,80.78,79.31,79.92,2952494,0.42,0.5283,79.8775
AEP,2020-05-22,77.39,78.84,77.35,78.78,2186400,1.39,1.8,78.09
AEP,2020-05-21,77.59,77.82,76.89,77.37,2108573,-0.22,-0.28354,77.4175
AEP,2020-05-20,78.08,78.56,77.18,77.75,2160328,-0.33,-0.42264,77.8925
AEP,2020-05-19,79.29,79.37,77.13,77.14,2781100,-2.15,-2.71,78.2325
AEP,2020-05-18,79.28,80.7,79.19,79.88,3470500,0.6,0.75681,79.7625
AEP,2020-05-15,77.5,78.46,76.66,78.43,8018103,0.93,1.2,77.7625
AEP,2020-05-14,77.29,78.7,76.23,78.1,3766874,0.81,1.05,77.58
AEP,2020-05-13,77.49,77.85,76.71,77.73,3673700,0.24,0.30972,77.445
AEP,2020-05-12,79.5,79.72,77.51,77.91,3699136,-1.59,-2.0,78.66
AEP,2020-05-11,79.35,79.94,78.01,79.17,2496943,-0.18,-0.22684,79.1175
AEP,2020-05-08,79.16,80.42,79.0,79.86,2409219,0.7,0.88428,79.61
AEP,2020-05-07,78.82,80.66,78.27,78.6,3833455,-0.22,-0.27912,79.0875
AEP,2020-05-06,84.26,84.33,78.45,78.82,5099996,-5.44,-6.46,81.465
AEP,2020-05-05,82.64,84.64,82.01,83.31,2982909,0.67,0.81075,83.15
AEP,2020-05-04,81.19,83.27,80.46,83.05,2419303,1.86,2.29,81.9925
AEP,2020-05-01,82.39,82.66,81.05,81.39,2742181,-1.0,-1.21,81.8725
AEP,2020-04-30,83.1,83.58,81.87,83.11,3253600,0.01,0.01203369,82.915
AEP,2020-04-29,85.75,85.8,82.87,83.13,3387600,-2.62,-3.06,84.3875
AEP,2020-04-28,84.72,86.57,84.2,84.63,2129704,-0.09,-0.10623,85.03
AEP,2020-04-27,83.78,84.39,83.47,83.62,1956200,-0.16,-0.19098,83.815
AEP,2020-04-24,82.77,83.62,82.59,83.23,2828707,0.46,0.55576,83.0525
AEP,2020-04-23,84.82,85.19,82.86,83.02,2426428,-1.8,-2.12,83.9725
AEP,2020-04-22,83.55,85.67,83.07,85.0,2512409,1.45,1.74,84.3225
AEP,2020-04-21,81.77,82.84,80.91,82.47,3013900,0.7,0.85606,81.9975
AEP,2020-04-20,87.32,87.32,82.83,82.91,2331365,-4.41,-5.05,85.095
AEP,2020-04-17,85.45,86.97,84.58,86.38,2323513,0.93,1.09,85.845
AEP,2020-04-16,84.3,84.7,82.78,84.05,1802900,-0.25,-0.29656,83.9575
AEP,2020-04-15,85.08,85.5,83.29,83.61,2558973,-1.47,-1.73,84.37
AEP,2020-04-14,85.53,86.38,84.65,86.25,2187800,0.72,0.84181,85.7025
AEP,2020-04-13,85.64,86.6,82.56,83.5,2076667,-2.14,-2.5,84.575
AEP,2020-04-09,83.99,88.29,83.99,86.31,4003717,2.32,2.76,85.645
AEP,2020-04-08,79.26,83.87,79.0,83.3,2912851,4.04,5.1,81.3575
AEP,2020-04-07,80.68,81.16,77.94,78.75,4041289,-1.93,-2.39,79.6325
AEP,2020-04-06,74.87,79.78,74.59,78.59,3610300,3.72,4.97,76.9575
